NAME,Site_Name,distance_to_site_miles,ZIP,STATE,CITY,CNTY
LONGFELLOW ELEMENTARY,Fruit Avenue Plume,0.04573758284697423,87102,NM,ALBUQUERQUE,35001
Insight School of WA Open Doors Program,"Commencement Bay, South Tacoma Channel",0.05080917625617846,98409,WA,Tacoma,53053
Basin School,Basin Mining Area,0.059318622512047364,59631,MT,Basin,30043
Van Cleve Elementary School,East Troy Contaminated Aquifer,0.06630252679627542,45373,OH,Troy,39109
North Belmont Elementary,North Belmont PCE,0.06818298877802474,28012,NC,Belmont,37071
INES MARIA MENDOZA DE MUNOZ MARIN CABO ROJO,Cabo Rojo Ground Water Contamination,0.06967924756949663,623,PR,CABO ROJO,72023
Ravenswood High School,Ravenswood PCE Ground Water Plume,0.07312822885411048,26164,WV,Ravenswood,54035
Cove Day School,Lukachukai Mountains Mining District,0.07857227972065432,86544,AZ,Red Valley,4001
TAGOS Leadership Acad,Janesville Ash Beds,0.09198369577777679,53545,WI,Janesville,55105
Paden City High School,Paden City Groundwater,0.09531028079085804,26159,WV,Paden City,54103
Freeman High School,Grain Handling Facility at Freeman,0.09975619797081882,99030,WA,Rockford,53063
North Ward Elementary School,Rockwell International Corp. (Allegan Plant),0.10173565965621487,49010,MI,ALLEGAN,26005
West Chicago Comm High School,Kerr-McGee (Residential Areas),0.10408155708233312,60185,IL,West Chicago,17043
ABQ CHARTER ACADEMY,Fruit Avenue Plume,0.10798048462911251,87102,NM,ALBUQUERQUE,35001
Thomas Jefferson School #9,"Curcio Scrap Metal, Inc.",0.11245495696993343,7026,NJ,Garfield,34003
Ravenswood Middle School,Ravenswood PCE Ground Water Plume,0.11788102990865858,26164,WV,Ravenswood,54035
JUDITH A. VIVAS,"Papelera Puertorriquena, Inc.",0.11933490086512191,641,PR,UTUADO,72141
Freeman Middle School,Grain Handling Facility at Freeman,0.12556927666759984,99030,WA,Rockford,53063
Freeman Elementary School,Grain Handling Facility at Freeman,0.12556927666759984,99030,WA,Rockford,53063
LOLA RODRIGUEZ DE TIO,San German Ground Water Contamination,0.12862301591785813,683,PR,SAN GERMAN,72125
HOMEBOUND,Bandera Road Ground Water Plume,0.1324634762572362,78238,TX,SAN ANTONIO,48029
SCHOOL AGED PARENTING PROGRAM,Bandera Road Ground Water Plume,0.1324634762572362,78238,TX,SAN ANTONIO,48029
Jacques Memorial Elementary School,Fletcher's Paint Works & Storage,0.13467201207692917,3055,NH,Milford,33011
WOODMERE MIDDLE SCHOOL,Peninsula Boulevard Ground Water Plume,0.136149460675871,11557,NY,HEWLETT,36059
Wallace Stegner Academy,Portland Cement (Kiln Dust 2 & 3),0.13706602029425227,84104,UT,SALT LAKE CITY,49035
HILLSBOROUGH GIRLS ACADEMY,Peak Oil Co./Bay Drum Co.,0.1394580179865982,33619,FL,TAMPA,12057
Butler High School,Peach Orchard Road PCE Ground Water Plume,0.1396708654938087,30906,GA,Augusta,13245
JAMES FANNIN MIDDLE,Delfasco Forge,0.14117404360192726,75050,TX,GRAND PRAIRIE,48113
Cleveland Street Elementary School,Orange Valley Regional Ground Water Contamination,0.1446728728504231,7050,NJ,ORANGE,34013
Muskegon Montessori Academy for Environmental Change,Kaydon Corp.,0.14758391996040185,49441,MI,NORTON SHORES,26121
MONTGOMERY CO J J A E P,United Creosoting Co.,0.15494396091289023,77301,TX,CONROE,48339
PROJECT RESTORE,United Creosoting Co.,0.15494396091289023,77301,TX,CONROE,48339
Delair Elementary School,Puchack Well Field,0.1562560596155824,8110,NJ,DELAIR,34007
Chamberlain Elementary School,North 5th Street Groundwater Contamination,0.15673706484084277,46528,IN,Goshen,18039
Cleveland Street Elementary School,U.S. Radium Corp.,0.16227093481088412,7050,NJ,ORANGE,34013
AURORA CHARTER SCHOOL,South Minneapolis Residential Soil Contamination,0.16254235997016725,55404,MN,MINNEAPOLIS,27053
AURORA MIDDLE SCHOOL,South Minneapolis Residential Soil Contamination,0.16254235997016725,55404,MN,MINNEAPOLIS,27053
STEWART SCHOOL,Old Roosevelt Field Contaminated Ground Water Area,0.17557708241978812,11530,NY,GARDEN CITY,36059
BELLEVUE MISSION MIDDLE SCHOOL,PCE - Carriage Cleaners,0.17580701037120267,68005,NE,BELLEVUE,31153
Bob Holcomb Elementary,Newmark Ground Water Contamination,0.17755549703380805,92407,CA,San Bernardino,6071
Atwater Avenue Elementary,San Fernando Valley (Area 4),0.18064649186528967,90039,CA,Los Angeles,6037
GREAT RIVER SCHOOL,Koppers Coke,0.18295463105170096,55108,MN,SAINT PAUL,27123
Great River Elementary School,Koppers Coke,0.18295463105170096,55108,MN,SAINT PAUL,27123
RANDALL MIDDLE SCHOOL,Rosen Brothers Scrap Yard/Dump,0.1850947148714639,13045,NY,CORTLAND,36023
LINDSAY ATTENDANCE CENTER,Lindsay Manufacturing Co.,0.1857195760026175,68644,NE,LINDSAY,31141
Gibbsboro Elementary School,Sherwin-Williams/Hilliards Creek,0.18787039381289272,8026,NJ,GIBBSBORO,34007
NEW DAWN CHARTER HIGH SCHOOL,Gowanus Canal,0.18873616788637845,11217,NY,BROOKLYN,36047
Trinity School,Kerr-McGee (Residential Areas),0.18976575746954366,60185,IL,West Chicago,17043
JJAEP,United Creosoting Co.,0.19379095409167174,77301,TX,CONROE,48339
Lynnewood El Sch,Havertown PCP,0.19480431503492046,19083,PA,Havertown,42045
Elwood Haynes Elementary School,Kokomo Contaminated Ground Water Plume,0.1952543463685767,46901,IN,Kokomo,18067
LOGAN-ROGERSVILLE PRIMARY,Compass Plaza Well TCE,0.20362225626992542,65742,MO,ROGERSVILLE,29077
Roosevelt School #7,Garfield Ground Water Contamination,0.20438176647128628,7026,NJ,GARFIELD,34003
West Essex High School,Caldwell Trucking Co.,0.20439892834250223,7006,NJ,NORTH CALDWELL,34013
LANDING SCHOOL,"Mattiace Petrochemical Co., Inc.",0.2066060685744312,11542,NY,GLEN COVE,36059
Woodcrest Elementary,Orange County North Basin,0.20758757657744026,92832,CA,Fullerton,6059
Iola Elementary School,Former United Zinc & Associated Smelters,0.21165464337047757,66749,KS,Iola,20001
HIGHLANDS ELEMENTARY SCHOOL,General Dynamics Longwood,0.21463577318744725,32708,FL,WINTER SPRINGS,12117
Joseph Gomez Elementary School,Tutu Wellfield,0.21588181824186223,802,VI,Saint Thomas,78030
CORTLAND HIGH SCHOOL,Rosen Brothers Scrap Yard/Dump,0.21939327566660333,13045,NY,CORTLAND,36023
CORTLAND JUNIOR HIGH SCHOOL,Rosen Brothers Scrap Yard/Dump,0.21939327566660333,13045,NY,CORTLAND,36023
Orange Early Childhood Center,U.S. Radium Corp.,0.21987859627686004,7050,NJ,Orange,34013
Southwest Tech,"Jard Company, Inc.",0.22088695015259333,5201,VT,Bennington,50003
Catawba Heights Elementary,Jadco-Hughes Facility,0.22253400865890174,28012,NC,Belmont,37071
Lincoln Memorial Elem,Caney Residential Yards,0.22334765271107812,67333,KS,Caney,20125
Blades Elementary School,Blades Groundwater,0.2253543818912723,19973,DE,Blades,10005
Bountiful School,Five Points PCE Plume,0.22780687810777775,84010,UT,BOUNTIFUL,49011
Roberto Clemente International Dual Language School,Scovill Industrial Landfill,0.22852509248306072,6705,CT,Waterbury,9140
Kiser Elementary School,Behr Dayton Thermal System VOC Plume,0.23032894268574672,45404,OH,Dayton,39113
Beverly City School District,Cosden Chemical Coatings Corp.,0.2356563416577301,8010,NJ,BEVERLY,34005
PS 32 SAMUEL MILLS SPROLE,Gowanus Canal,0.23619204791752108,11231,NY,BROOKLYN,36047
Mt. Anthony Senior Union High School,"Jard Company, Inc.",0.23679852688373235,5201,VT,Bennington,50003
WASHINGTON AVE ELEMENTARY,Lea and West Second Street,0.238800374620943,88201,NM,ROSWELL,35005
GEORGE PEABODY EL,RSR Corp.,0.2404402704741197,75212,TX,DALLAS,48113
FRANKLIN EARLY CHILDHOOD CENTER,Peninsula Boulevard Ground Water Plume,0.24529989695998164,11557,NY,HEWLETT,36059
Walpole High,Blackburn and Union Privileges,0.2458116605512315,2081,MA,Walpole,25021
NORPHLET MIDDLE SCHOOL,MacMillan Ring Free Oil,0.24724946156061495,71759,AR,NORPHLET,5139
Orange Early Childhood Center,Orange Valley Regional Ground Water Contamination,0.24785941054426708,7050,NJ,Orange,34013
LAKE ACADEMY SECURE,Peak Oil Co./Bay Drum Co.,0.2499251395960695,33619,FL,TAMPA,12057
LAKE ACADEMY,Peak Oil Co./Bay Drum Co.,0.2499251395960695,33619,FL,TAMPA,12057
Westmoreland Elementary School,Fair Lawn Well Field,0.2511570852035607,7410,NJ,FAIR LAWN,34003
Keystone El Sch,Croydon TCE,0.2515448151139013,19021,PA,Croydon,42017
Forest Elementary School,East Troy Contaminated Aquifer,0.25202217889503703,45373,OH,Troy,39109
Community Middle School,Brook Industrial Park,0.2530474483087639,8805,NJ,Bound Brook,34035
Windemere Park Charter Academy,Adam's Plating,0.25335147080668524,48917,MI,LANSING,26065
Great Valley MS,Malvern TCE,0.25464308405915514,19355,PA,Malvern,42029
PS/IS 384 FRANCES E CARTER,Wolff-Alport Chemical Company,0.2561924982402792,11207,NY,BROOKLYN,36047
THENA CROWDER EARLY CHILDHOOD DIAGNOSTIC SPECIAL EDUCATION,Continental Cleaners,0.2563962590458752,33150,FL,MIAMI,12086
Clark Elementary School,Highway 3 PCE,0.2570606371466467,51031,IA,Le Mars,19149
JESUS T. PINERO CIDRA,Cidra Ground Water Contamination,0.25747663641635454,739,PR,CIDRA,72041
Jefferson Elementary,"N.W. Mauthe Co., Inc.",0.2578255133069876,54914,WI,Appleton,55087
Stebbins High School,Valley Pike VOCs,0.258053280582182,45424,OH,Dayton,39113
John A. Forrest Elementary School,Fair Lawn Well Field,0.259162603090238,7410,NJ,FAIR LAWN,34003
HILLSBOROUGH GIRLS ACADEMY,Reeves Southeastern Galvanizing Corp.,0.26389465430239023,33619,FL,TAMPA,12057
Donnelsville Elementary School,Donnelsville Contaminated Aquifer,0.26460893941363095,45319,OH,Donnelsville,39023
METRO DEAF SCHOOL,Koppers Coke,0.265684276039798,55108,MN,SAINT PAUL,27123
LUIS MUNOZ IGLESIAS,Cidra Ground Water Contamination,0.2668314859759898,739,PR,CIDRA,72041
Utah Connections Academy,Wasatch Chemical Co. (Lot 6),0.26695847486884,84106,UT,SALT LAKE CITY,49035
OMAHA HIGH SCHOOL,"Arkwood, Inc.",0.26707040832008433,72662,AR,OMAHA,5009
OMAHA ELEMENTARY SCHOOL,"Arkwood, Inc.",0.26707040832008433,72662,AR,OMAHA,5009
Mad River Middle School,Valley Pike VOCs,0.2679961739982652,45424,OH,Dayton,39113
TAGOS Leadership Acad,Janesville Old Landfill,0.26889840444767643,53545,WI,Janesville,55105
PEDRO NELSON COLBERG,Cabo Rojo Ground Water Contamination,0.2702163058221206,623,PR,CABO ROJO,72023
Lincoln International High School,South Minneapolis Residential Soil Contamination,0.27072084656064804,55404,MN,MINNEAPOLIS,27053
Sartori Elementary School,Pacific Car & Foundry Co.,0.27310151836849683,98057,WA,Renton,53033
Neale Elementary School,Vienna Tetrachloroethene,0.273740462308717,26105,WV,Vienna,54107
York Avenue El Sch,North Penn - Area 6,0.27378223318263833,19446,PA,Lansdale,42091
CENTRAL ELEMENTARY SCHOOL,PCE - Carriage Cleaners,0.27393574097083523,68005,NE,BELLEVUE,31153
Henry P. Becton Regional High School,Universal Oil Products (Chemical Division),0.27425191426810847,7073,NJ,EAST RUTHERFORD,34003
TAMPA RESIDENTIAL FACILITY,Peak Oil Co./Bay Drum Co.,0.27463223153847244,33619,FL,TAMPA,12057
GRANTS HIGH,Grants Chlorinated Solvents Plume,0.2759115920484088,87020,NM,GRANTS,35006
N B Mills Elementary,"FCX, Inc. (Statesville Plant)",0.27918567385081106,28677,NC,Statesville,37097
VIENNA MIDDLE,Vienna Wells,0.2793063200087872,65582,MO,VIENNA,29125
VIENNA HIGH,Vienna Wells,0.2793063200087872,65582,MO,VIENNA,29125
VIENNA ELEM.,Vienna Wells,0.2793063200087872,65582,MO,VIENNA,29125
Park Avenue Elementary School,Orange Valley Regional Ground Water Contamination,0.27947000274136435,7050,NJ,ORANGE,34013
WILFREDO LAFUENTE ORTIZ,Maunabo Area Ground Water Contamination,0.2814348136324825,707,PR,MAUNABO,72095
Henry (Patrick) Elementary,Orange County North Basin,0.2817438395478437,92801,CA,Anaheim,6059
LANDING SCHOOL,Li Tungsten Corp.,0.28187408124254704,11542,NY,GLEN COVE,36059
H. S. Chase School,Scovill Industrial Landfill,0.2833096027820082,6705,CT,Waterbury,9140
Sierra Vista Elementary,"Brown & Bryant, Inc. (Arvin Plant)",0.2834816035966216,93203,CA,Arvin,6029
Souderton CS Collaborative,North Penn - Area 1,0.28735125398665584,18964,PA,Souderton,42091
John D. Bud Hawk Elementary at Jackson Park,Jackson Park Housing Complex (USNAVY),0.28794655114893564,98312,WA,BREMERTON,53035
Fox River Academy,"N.W. Mauthe Co., Inc.",0.28889526096805457,54914,WI,Appleton,55087
MTS HIGH SCHOOL,South Minneapolis Residential Soil Contamination,0.2899453604525506,55406,MN,MINNEAPOLIS,27053
COLUMBUS RESIDENTIAL JUVENILE FACILITY,Peak Oil Co./Bay Drum Co.,0.2904324414798126,33619,FL,TAMPA,12057
MESA VIEW ELEMENTARY,Grants Chlorinated Solvents Plume,0.29047463859337275,87020,NM,GRANTS,35006
Minnesota Connections Academy 7-12,Koppers Coke,0.2919699046668678,55108,MN,SAINT PAUL,27123
Minnesota Connections Academy K-6,Koppers Coke,0.2919699046668678,55108,MN,SAINT PAUL,27123
ANTHONY ALFANO ELEMENTARY SCHOOL,"MacKenzie Chemical Works, Inc.",0.2931843597518233,11722,NY,CENTRAL ISLIP,36103
COBBLE HILL SCHOOL OF AMERICAN STUDIES,Gowanus Canal,0.293287962053834,11201,NY,BROOKLYN,36047
Broadwater School,Billings PCE,0.29335679574733076,59102,MT,Billings,30111
ISABEL FLORES,Juncos Landfill,0.2940292877161041,777,PR,JUNCOS,72077
Gibbsboro Elementary School,United States Avenue Burn,0.2945671527422986,8026,NJ,GIBBSBORO,34007
MCCULLOCH ELEMENTARY,"Solid State Circuits, Inc.",0.29499153364464414,65738,MO,REPUBLIC,29077
ALFONSO CASTA MARTINEZ,Maunabo Area Ground Water Contamination,0.2958427120348343,707,PR,MAUNABO,72095
NORCREST ELEMENTARY SCHOOL,Flash Cleaners,0.2959290849384689,33064,FL,POMPANO BEACH,12011
HERMOSA HEIGHTS ELEMENTARY,Griggs & Walnut Ground Water Plume,0.2963966762388695,88001,NM,LAS CRUCES,35013
Pontiac Elementary,Townsend Saw Chain Co.,0.2964106619917584,29045,SC,Elgin,45079
Excel Academy Rhode Island,Centredale Manor Restoration Project,0.2975208824782249,2911,RI,North Providence,44007
Lafayette Elementary School,Brook Industrial Park,0.2984926239280018,8805,NJ,Bound Brook,34035
Abraham Lincoln School #6,Garfield Ground Water Contamination,0.2992264710770852,7026,NJ,GARFIELD,34003
ANA J. CANDELAS,Cidra Ground Water Contamination,0.299726467116689,739,PR,CIDRA,72041
Fairview Elementary School,Cliff Drive Groundwater Contamination,0.30129941660762793,46947,IN,Logansport,18017
Wenzel School,Sturgis Municipal Wells,0.30175414067788514,49091,MI,STURGIS,26149
Friendship PCS - Chamberlain Elementary,Washington Navy Yard,0.3044967360834271,20003,DC,Washington,11001
Friendship PCS - Chamberlain Middle,Washington Navy Yard,0.3044967360834271,20003,DC,Washington,11001
Washington High School,Sporlan Valve Plant #1,0.30534633694176266,63090,MO,Washington,29071
HENRY W. LONGFELLOW,San German Ground Water Contamination,0.30560476585811586,683,PR,SAN GERMAN,72125
WEST SIDE ELEMENTARY SCHOOL,Picayune Wood Treating,0.3062189858766616,39466,MS,Picayune,28109
SALTZMAN EAST MEMORIAL ELEMENTARY SCHOOL,Preferred Plating Corp.,0.30775673847907575,11735,NY,FARMINGDALE,36103
Tweedy Elementary,Cooper Drum Company,0.3091159799529354,90280,CA,South Gate,6037
CASS LAKE-BENA AREA LRNG. CNTR.,St. Regis Paper Co.,0.30965728913989876,56633,MN,CASS LAKE,27021
Garfield Elementary School,Riverside Industrial Park,0.31085941916738274,7032,NJ,KEARNY,34017
LANIER-JAMES EDUCATION CENTER,Petroleum Products Corp.,0.312975347083215,33009,FL,HALLANDALE BEACH,12011
Patterson High,Kane & Lombard Street Drums,0.31389402254664184,21224,MD,Baltimore,24510
ST. LOUIS PARK SPECIAL ED. PROGRAM,Highway 100 and County Road 3 Groundwater Plume,0.3161081023036545,55416,MN,SAINT LOUIS PARK,27053
Crittenden Middle,Teledyne Semiconductor,0.31779702612109445,94043,CA,Mountain View,6085
NASSAU CO JUVENILE DETENTION CENTER,New Cassel/Hicksville Ground Water Contamination,0.31870286851738233,11590,NY,WESTBURY,36059
Alamo Elementary,Alamo Contaminated Ground Water,0.3190367745266074,38001,TN,Alamo,47033
Meridian Impact Re-Engagement,Oeser Co,0.32184660280093397,98225,WA,Bellingham,53073
Bonner 6-8,Milltown Reservoir Sediments,0.32260821776916687,59823,MT,Bonner,30063
Bonner School,Milltown Reservoir Sediments,0.32260821776916687,59823,MT,Bonner,30063
Casimer M. Dallago Jr. Impact Center,Former Kil-Tone Company,0.32308059719701404,8360,NJ,VINELAND,34011
MINEOLA HIGH SCHOOL,Fulton Avenue,0.3245918219279396,11040,NY,GARDEN CITY PARK,36059
GRANT ELEMENTARY SCHOOL,Iowa-Nebraska Light & Power Co,0.3247622601390654,68701,NE,NORFOLK,31119
HENRYETTA ES,Henryetta Iron and Metal,0.3252164360064017,74437,OK,Henryetta,40111
Heliotrope Avenue Elementary,Pemaco Maywood,0.3256676668386792,90270,CA,Maywood,6037
Gloria M Sabater Elementary School,Former Kil-Tone Company,0.3269566525160981,8360,NJ,VINELAND,34011
PS 38 PACIFIC (THE),Gowanus Canal,0.3286600647575064,11217,NY,BROOKLYN,36047
JUVENILE DETENTION CTR,United Creosoting Co.,0.33070536858220484,77301,TX,CONROE,48339
JUVENILE JUSTICE ALTERNATIVE EDUCATION PROGRAM,United Creosoting Co.,0.33070536858220484,77301,TX,CONROE,48339
West Essex Middle School,Caldwell Trucking Co.,0.33112398644492314,7006,NJ,NORTH CALDWELL,34013
PS 151 LYNDON B JOHNSON,Wolff-Alport Chemical Company,0.3321135941251572,11237,NY,BROOKLYN,36047
Crooked Billet El Sch,Raymark,0.3337375154901231,19040,PA,Hatboro,42091
ELEMENTAL URBANA DE VEGA ALTA,Vega Alta Public Supply Wells,0.3338500198790149,692,PR,VEGA ALTA,72143
CORDELLO AVENUE ELEMENTARY SCHOOL,"MacKenzie Chemical Works, Inc.",0.3363751372881536,11722,NY,CENTRAL ISLIP,36103
Old Mill Elementary School,"Waldick Aerospace Devices, Inc.",0.33649564670341037,8750,NJ,SEA GIRT,34025
Boston Renaissance Charter Public School,Lower Neponset River,0.33655403764596276,2136,MA,Hyde Park,25025
San Miguel Elementary,"Advanced Micro Devices, Inc. (Building 915)",0.3366375462945282,94085,CA,Sunnyvale,6085
NASSAU BOCES,Old Roosevelt Field Contaminated Ground Water Area,0.33701174311693755,11530,NY,GARDEN CITY,36059
Abraham Lincoln,Silresim Chemical Corp.,0.3371450084579274,1851,MA,Lowell,25017
TRANSITION PLUS SERVICES,South Minneapolis Residential Soil Contamination,0.33742547599553085,55407,MN,MINNEAPOLIS,27053
ARMWOOD HIGH SCHOOL,Taylor Road Landfill,0.33819386501383103,33584,FL,SEFFNER,12057
Juan Pablo Duarte - Jose Julian Marti School No 28,Chemical Control,0.33827969755911824,7206,NJ,ELIZABETH,34039
Hamburg Area HS,Price Battery,0.33854293836884725,19526,PA,Hamburg,42011
LAKE ACADEMY SECURE,Reeves Southeastern Galvanizing Corp.,0.3399991330381025,33619,FL,TAMPA,12057
LAKE ACADEMY,Reeves Southeastern Galvanizing Corp.,0.3399991330381025,33619,FL,TAMPA,12057
ESCAMBIA VIRTUAL INSTRUCTION PROGRAM,Agrico Chemical Co.,0.34006151949439883,32503,FL,PENSACOLA,12033
HOSPITAL & HOMEBOUND,Agrico Chemical Co.,0.34006151949439883,32503,FL,PENSACOLA,12033
COUNTY ADMINISTRATIVE ANNEX,Agrico Chemical Co.,0.34006151949439883,32503,FL,PENSACOLA,12033
ESCAMBIA VIRTUAL INSTRUCTIONAL PROGRAM (DISTRICT PROVIDED),Agrico Chemical Co.,0.34006151949439883,32503,FL,PENSACOLA,12033
ESCAMBIA VIRTUAL ACADEMY FRANCHISE,Agrico Chemical Co.,0.34006151949439883,32503,FL,PENSACOLA,12033
ESCAMBIA SCH. DIST. JAIL PROG.,Agrico Chemical Co.,0.34006151949439883,32503,FL,PENSACOLA,12033
TAP PK BABIES,Agrico Chemical Co.,0.34006151949439883,32503,FL,PENSACOLA,12033
Slidell Junior High School,Bayou Bonfouca,0.3411731242644523,70458,LA,Slidell,22103
MIAMI EDISON SENIOR HIGH SCHOOL,Continental Cleaners,0.3412652667795749,33127,FL,MIAMI,12086
West Deptford High School,"Matteo & Sons, Inc.",0.3423183234225304,8093,NJ,WEST DEPTFORD,34015
Cardinal O'Connell Early Learning Center,Silresim Chemical Corp.,0.34331599244997524,1852,MA,Lowell,25017
PS 110 MONITOR (THE),Meeker Avenue Plume,0.34374241035200603,11222,NY,BROOKLYN,36047
MURRAY MIDDLE SCHOOL,Solitron Microwave,0.34380817906158767,34997,FL,STUART,12085
Haven Drive Middle,"Brown & Bryant, Inc. (Arvin Plant)",0.3454834062499185,93203,CA,Arvin,6029
West Essex High School,Unimatic Manufacturing Corporation,0.3467660669314575,7006,NJ,NORTH CALDWELL,34013
YES PREP - NORTHSIDE,North Cavalcade Street,0.34845084995431325,77026,TX,HOUSTON,48201
James Madison School #10,Garfield Ground Water Contamination,0.34880411499180686,7026,NJ,GARFIELD,34003
Career Pathways,Koppers Coke,0.3489610085613067,55104,MN,SAINT PAUL,27123
Sci Tech Engr Arts and Math at Legacy High Sch Complex,Southern Avenue Industrial Area,0.3492547074537339,90280,CA,South Gate,6037
Visual and Performing Arts at Legacy High School Complex,Southern Avenue Industrial Area,0.3492547074537339,90280,CA,South Gate,6037
International Studies Lrng Center at Legacy High Sch Complex,Southern Avenue Industrial Area,0.3492547074537339,90280,CA,South Gate,6037
Greystone School,Centredale Manor Restoration Project,0.35109099927120796,2911,RI,North Providence,44007
SUPERIOR ILEANA DE GRACIA,Vega Alta Public Supply Wells,0.3512427016567083,692,PR,VEGA ALTA,72143
Crittenden Middle,"CTS Printex, Inc.",0.35139732794994527,94043,CA,Mountain View,6085
SCHOFIELD ELEMENTARY,"Solid State Circuits, Inc.",0.3525719687305832,65738,MO,REPUBLIC,29077
Jackson El Sch,Whitmoyer Laboratories,0.35273556724118305,17067,PA,Myerstown,42075
Woodstock Elementary School,Linemaster Switch Corp.,0.35316546364667134,6281,CT,Woodstock,9150
SEVERO E. COLBERG RAMIREZ,Cabo Rojo Ground Water Contamination,0.3564948936743955,623,PR,CABO ROJO,72023
Clay Hill Public Charter School,Kane & Lombard Street Drums,0.3564957454212893,21224,MD,Baltimore,24510
Joseph B. Lancaster Elementary School,Madisonville Creosote Works,0.3565861073420533,70447,LA,Madisonville,22103
San Cayetano Elementary,Pacific Coast Pipe Lines,0.3571199173976313,93016,CA,Fillmore,6111
Northeast College Prep Charter Scho,Southeast Hennepin Area Groundwater and Vapor,0.3579381809723123,55413,MN,MINNEAPOLIS,27053
Carter Lake Elementary School,American Lake Gardens/McChord AFB,0.3588631684217068,98439,WA,JBLM McChord Field,53053
Lincoln Elementary School,Northernaire Plating,0.3608314611780488,49601,MI,CADILLAC,26165
Blaine Re-Engagement,Oeser Co,0.3610557156114563,98225,WA,Bellingham,53073
Jose Antonio Vargas Elementary,Intel Corp. (Mountain View Plant),0.3611445817677895,94043,CA,Mountain View,6085
Crooked Billet El Sch,Fischer & Porter Co.,0.36248986041817155,19040,PA,Hatboro,42091
Frank Ward Strong School,Durham Meadows,0.362948114274745,6422,CT,Durham,9130
Theuerkauf Elementary,"Spectra-Physics, Inc.",0.36319161210831846,94043,CA,Mountain View,6085
New Century School,Koppers Coke,0.3633109093545294,55108,MN,SAINT PAUL,27123
LINCOLN ELEMENTARY SCHOOL,Iowa-Nebraska Light & Power Co,0.36450232725354886,68701,NE,NORFOLK,31119
New Century School Secondary,Koppers Coke,0.36512003301478924,55108,MN,SAINT PAUL,27123
NCS Online Program,Koppers Coke,0.36512003301478924,55108,MN,SAINT PAUL,27123
Western Heights Middle,Central Chemical (Hagerstown),0.3673229924788542,21740,MD,Hagerstown,24043
PS 133 WILLIAM A BUTLER,Gowanus Canal,0.3676266608165101,11217,NY,BROOKLYN,36047
Ironton Sch,Heleva Landfill,0.3677604718769711,18037,PA,Coplay,42077
Denver Center for International Studies at Fairmon,Denver Radium Site,0.3679018945361926,80223,CO,DENVER,8031
Great Valley HS,Malvern TCE,0.368417765672866,19355,PA,Malvern,42029
LaMonte-Annex Elementary School,Brook Industrial Park,0.3685722128758072,8805,NJ,Bound Brook,34035
West Essex Middle School,Unimatic Manufacturing Corporation,0.3700837025384254,7006,NJ,NORTH CALDWELL,34013
PS 372 CHILDREN'S SCHOOL (THE),Gowanus Canal,0.3703640657121844,11215,NY,BROOKLYN,36047
BUSHWICK ASCEND CHARTER SCHOOL,Wolff-Alport Chemical Company,0.3705922677602445,11221,NY,BROOKLYN,36047
Dover High School,Reilly Tar & Chemical Corp. (Dover Plant),0.37257635009420015,44622,OH,Dover,39157
Odyssey Charter,Jet Propulsion Laboratory (NASA),0.3731124111277453,91001,CA,Altadena,6037
Waynesboro Middle School,Mallory Capacitor Co.,0.3732614885399629,38485,TN,Waynesboro,47181
VERONA HIGH,Syntex Facility,0.3733540380858341,65769,MO,VERONA,29109
VERONA ELEM.,Syntex Facility,0.3733540380858341,65769,MO,VERONA,29109
Portola High,El Toro Marine Corps Air Station,0.3734360500708284,92618,CA,Irvine,6059
Maple Wood Elementary School,Somersworth Sanitary Landfill,0.37433846509850704,3878,NH,Somersworth,33017
East Dover Elementary School,Dover Municipal Well 4,0.3757566364750796,7801,NJ,DOVER,34027
Dover Middle School,Dover Municipal Well 4,0.3757566364750796,7801,NJ,DOVER,34027
Tweedy Elementary,Southern Avenue Industrial Area,0.37657841871928444,90280,CA,South Gate,6037
DePue High School,DePue/New Jersey Zinc/Mobil Chemical Corp.,0.3775224726307002,61322,IL,DePue,17011
DePue Elem School,DePue/New Jersey Zinc/Mobil Chemical Corp.,0.3775224726307002,61322,IL,DePue,17011
Providencia Elementary,San Fernando Valley (Area 1),0.3777470073655531,91505,CA,Burbank,6037
ALOMA HIGH CHARTER,"City Industries, Inc.",0.37900679971325557,32792,FL,WINTER PARK,12095
Prescott Elementary School,Peoples Natural Gas Co.,0.3799401669740865,52001,IA,Dubuque,19061
Jackson Junior High,Argonaut Mine,0.3804106163536472,95642,CA,Jackson,6005
PS 68 CAMBRIDGE,Wolff-Alport Chemical Company,0.38262606222639334,11385,NY,RIDGEWOOD,36081
Shandin Hills Middle,Newmark Ground Water Contamination,0.3832270154046794,92407,CA,San Bernardino,6071
Cajon High,Newmark Ground Water Contamination,0.383746779444686,92407,CA,San Bernardino,6071
Mona Shores Middle School,Kaydon Corp.,0.3859842867551786,49441,MI,MUSKEGON,26121
Cadence Park,El Toro Marine Corps Air Station,0.38664402554602295,92618,CA,Irvine,6059
SCHUYLERVILLE HIGH SCHOOL,Hudson River PCBs,0.38707530631139664,12871,NY,SCHUYLERVILLE,36091
GARDEN CITY HIGH SCHOOL,Fulton Avenue,0.38793896938804495,11530,NY,GARDEN CITY,36059
Florida Avenue Elementary School,Bayou Bonfouca,0.38829948902834943,70458,LA,Slidell,22103
SOUTH SALEM ELEMENTARY SCHOOL,Port Washington Landfill,0.3893356838292597,11050,NY,PORT WASHINGTON,36059
SOUTH SIDE ELEMENTARY SCHOOL,Picayune Wood Treating,0.38951249770975127,39466,MS,Picayune,28109
Sci Tech Engr Arts and Math at Legacy High Sch Complex,Cooper Drum Company,0.3905765602761176,90280,CA,South Gate,6037
Visual and Performing Arts at Legacy High School Complex,Cooper Drum Company,0.3905765602761176,90280,CA,South Gate,6037
International Studies Lrng Center at Legacy High Sch Complex,Cooper Drum Company,0.3905765602761176,90280,CA,South Gate,6037
Paden City Elementary School,Paden City Groundwater,0.39066499812314126,26159,WV,Paden City,54103
RESERVED FOR FUTURE USE,"Lane Plating Works, Inc.",0.3908042035804777,75241,TX,DALLAS,48113
BARACK OBAMA MALE LEADERSHIP ACAD AT A MACEO SMITH,"Lane Plating Works, Inc.",0.3908042035804777,75241,TX,DALLAS,48113
MATH AND SCIENCE EXPLORATORY SCHOOL (THE),Gowanus Canal,0.3911538164030282,11217,NY,BROOKLYN,36047
BROOKLYN HIGH SCHOOL OF THE ARTS,Gowanus Canal,0.3911538164030282,11217,NY,BROOKLYN,36047
Skyline Math and Science Academy,South Minneapolis Residential Soil Contamination,0.3917514298745221,55406,MN,MINNEAPOLIS,27053
Skyline Math & Science Academy OLL,South Minneapolis Residential Soil Contamination,0.3917514298745221,55406,MN,MINNEAPOLIS,27053
COLUMBUS RESIDENTIAL JUVENILE FACILITY,Reeves Southeastern Galvanizing Corp.,0.39204481797203006,33619,FL,TAMPA,12057
Ridgeview Elem,"Chemical Commodities, Inc.",0.3936401278877231,66061,KS,Olathe,20091
West Orange Early Childhood Learning Center,U.S. Radium Corp.,0.39436196041775584,7052,NJ,West Orange,34013
TAMPA RESIDENTIAL FACILITY,Reeves Southeastern Galvanizing Corp.,0.395115784294749,33619,FL,TAMPA,12057
Gulph EL Sch,Stanley Kessler,0.39528887292228576,19406,PA,King of Prussia,42091
Morgan Center School,Bremerton Gasworks,0.39565479703996376,98337,WA,Bremerton,53035
Bremerton High School,Bremerton Gasworks,0.39565479703996376,98337,WA,Bremerton,53035
Dr. J.P. Cleary Elementary School,Garden State Cleaners Co.,0.39614405139885905,8341,NJ,MINOTOLA,34001
Great Falls Elementary School,Keddy Mill,0.39651322237124226,4038,ME,Gorham,23005
Maywood Campus,Maywood Chemical Co.,0.39686286272208765,7607,NJ,MAYWOOD,34003
JOSE COLLAZO COLON,Juncos Landfill,0.3971985661059673,777,PR,JUNCOS,72077
Brick Township Memorial High School,Brick Township Landfill,0.39846271913023795,8724,NJ,BRICK,34029
PS 261 ZIPPORIAH MILLS,Gowanus Canal,0.39946194505505034,11201,NY,BROOKLYN,36047
West De Pere High,Better Brite Plating Chrome & Zinc Shops,0.3998764181249735,54115,WI,De Pere,55009
POLK VIRTUAL FRANCHISE,Landia Chemical Company,0.40016262673162944,33815,FL,LAKELAND,12105
POLK VIRTUAL INSTRUCTION PROGRAM,Landia Chemical Company,0.40016262673162944,33815,FL,LAKELAND,12105
POLK FULL TIME ESCHOOL,Landia Chemical Company,0.40016262673162944,33815,FL,LAKELAND,12105
West High,Utah Power & Light/American Barrel Co.,0.40058219922164984,84103,UT,SALT LAKE CITY,49035
HIALEAH GARDENS SENIOR HIGH SCHOOL,"Pepper Steel & Alloys, Inc.",0.4016605540892786,33018,FL,HIALEAH GARDENS,12086
Amador County Special Education,Argonaut Mine,0.40192032902708186,95642,CA,Jackson,6005
Amador County ROP,Argonaut Mine,0.40192032902708186,95642,CA,Jackson,6005
Nelson Elementary,Industrial Waste Processing,0.4025524944931462,93650,CA,Pinedale,6019
Ardmore Elementary School,Ten-Mile Drain,0.40275895096978775,48081,MI,SAINT CLAIR SHORES,26099
Cascade Heights Public Charter School,Northwest Pipe & Casing/Hall Process Co,0.40422982533951196,97015,OR,Clackamas,41005
Mary Raber Elementary School,Wayne Waste Oil,0.40570880334191084,46725,IN,Columbia City,18183
Lincoln International Studies School,"Allied Paper, Inc./Portage Creek/Kalamazoo River",0.4061306877844628,49007,MI,KALAMAZOO,26077
ALCOTT ELEMENTARY SCHOOL,Hastings Ground Water Contamination,0.40677872360859924,68901,NE,HASTINGS,31001
Dr. Charles P. DeFuccio School,PJP Landfill,0.4069003991327467,7306,NJ,JERSEY CITY,34017
George Washington Elementary,McCormick & Baxter Creosoting Co.,0.4077413177856737,95203,CA,Stockton,6077
Pennsauken High School,Swope Oil & Chemical Co.,0.4088561523977525,8110,NJ,PENNSAUKEN,34007
BOERUM HILL SCHOOL FOR INTERNATIONAL STUDIES (THE),Gowanus Canal,0.41138631587951896,11201,NY,BROOKLYN,36047
SUCCESS ACADEMY CHARTER SCHOOL-COBBLE HILL,Gowanus Canal,0.41138631587951896,11201,NY,BROOKLYN,36047
DIGITAL ARTS AND CINEMA TECHNOLOGY HIGH SCHOOL,Gowanus Canal,0.41138631587951896,11201,NY,BROOKLYN,36047
PERRYTON KINDER,City of Perryton Well No. 2,0.41171363131344146,79070,TX,PERRYTON,48357
Tindley Genesis Academy,Keystone Corridor Ground Water Contamination,0.4119910078456809,46205,IN,Indianapolis,18097
NORFOLK JR HIGH SCHOOL,Iowa-Nebraska Light & Power Co,0.4120259207161947,68701,NE,NORFOLK,31119
Evergreen Elementary,Omega Chemical Corporation,0.41388921022504854,90602,CA,Whittier,6037
Lincoln Park Elementary School,Kaydon Corp.,0.41683072110971925,49441,MI,MUSKEGON,26121
Pioneer Elem School,Kerr-McGee (Residential Areas),0.4180628031033196,60185,IL,West Chicago,17043
Edgar Middle School,Chemical Insecticide Corp.,0.41839371010094184,8840,NJ,METUCHEN,34023
Alliance Leichtman-Levine FAM Foundation Env Sci High,San Fernando Valley (Area 4),0.41856078968582344,90065,CA,Los Angeles,6037
Troy High School,West Troy Contaminated Aquifer,0.4186842703042991,45373,OH,Troy,39109
CASS LAKE-BENA ELEMENTARY,St. Regis Paper Co.,0.4196431599309787,56633,MN,CASS LAKE,27021
TULOSO-MIDWAY ACADEMIC CAREER CENTER,Brine Service Company,0.4198944686574295,78409,TX,CORPUS CHRISTI,48355
Brandywine Elementary,Brandywine DRMO,0.42106335736734685,20613,MD,Brandywine,24033
SOUTH HOUSTON EL,Geneva Industries/Fuhrmann Energy,0.42144781949965604,77587,TX,SO HOUSTON,48201
Jack Benny Middle School,Yeoman Creek Landfill,0.4227719059642549,60087,IL,Waukegan,17097
MAGNOLIA MONTESSORI ACADEMY,Landia Chemical Company,0.4233470318037104,33815,FL,LAKELAND,12105
DRC CAMPUS,RSR Corp.,0.42347028125398284,75212,TX,DALLAS,48113
DALLAS COUNTY JJAEP CFB CAMPUS,RSR Corp.,0.42347028125398284,75212,TX,DALLAS,48113
DALLAS COUNTY JJAEP DESOTO CAMPUS,RSR Corp.,0.42347028125398284,75212,TX,DALLAS,48113
P A S S LEARNING CTR,RSR Corp.,0.42347028125398284,75212,TX,DALLAS,48113
P A S S LEARNING CTR,RSR Corp.,0.42347028125398284,75212,TX,DALLAS,48113
DALLAS CO SCHOOL FOR ACCELERATED LRNG,RSR Corp.,0.42347028125398284,75212,TX,DALLAS,48113
P A S S LEARNING CTR,RSR Corp.,0.42347028125398284,75235,TX,DALLAS,48113
PASS LEARNING CTR,RSR Corp.,0.42347028125398284,75212,TX,DALLAS,48113
P A S S LEARNING CTR,RSR Corp.,0.42347028125398284,75212,TX,DALLAS,48113
P A S S LEARNING CTR,RSR Corp.,0.42347028125398284,75212,TX,DALLAS,48113
JUVENILE JUSTICE AEP,RSR Corp.,0.42347028125398284,75212,TX,DALLAS,48113
DALLAS COUNTY JJAEP,RSR Corp.,0.42347028125398284,75212,TX,DALLAS,48113
DALLAS COUNTY JJAEP,RSR Corp.,0.42347028125398284,75212,TX,DALLAS,48113
Roosevelt Elementary School,"Cornell Dubilier Electronics, Inc.",0.42492630764790884,7080,NJ,SOUTH PLAINFIELD,34023
Franklin School,"Curcio Scrap Metal, Inc.",0.42621899147400394,7663,NJ,SADDLE BROOK,34003
Cheraw High,Burlington Industries Cheraw,0.4274074158631008,29520,SC,Cheraw,45025
Westville Elementary School,Cam-Or Inc.,0.42752056538908284,46391,IN,Westville,18091
Westville High School,Cam-Or Inc.,0.42752056538908284,46391,IN,Westville,18091
Byram Lakes Elementary School,Mansfield Trail Dump,0.42779068457023783,7874,NJ,STANHOPE,34037
VOA High Extended,General Mills/Henkel Corp.,0.42794203272626297,55413,MN,MINNEAPOLIS,27053
VOA High,General Mills/Henkel Corp.,0.42794203272626297,55413,MN,MINNEAPOLIS,27053
Harriman Middle School,Clinch River Corporation,0.4284088778595479,37748,TN,Harriman,47145
Argonaut High,Argonaut Mine,0.42856505030754655,95642,CA,Jackson,6005
ORLANDO SCIENCE MIDDLE HIGH CHARTER,Chevron Chemical Co. (Ortho Division),0.42886100354200535,32804,FL,ORLANDO,12095
Digital Pioneers Academy PCS - Capitol Hill,Washington Navy Yard,0.429274796854063,20003,DC,Washington,11001
Spencer Elementary School,Franklin Street Groundwater Contamination,0.4293179936741507,47460,IN,Spencer,18119
JAMES RODRIGUEZ ELEMENTARY,North Railroad Avenue Plume,0.43069005838690266,87532,NM,ESPANOLA,35039
Stevenson Elementary,"Spectra-Physics, Inc.",0.4314366975803583,94043,CA,Mountain View,6085
Wayne County Virtual School,Mallory Capacitor Co.,0.4319916840122438,38485,TN,Waynesboro,47181
EDISON PARK K-8 CENTER,Continental Cleaners,0.4320647329003625,33150,FL,MIAMI,12086
Long Middle,Burlington Industries Cheraw,0.4326408020254797,29520,SC,Cheraw,45025
East High,700 South 1600 East PCE Plume,0.4335541301723234,84102,UT,SALT LAKE CITY,49035
APOLO SAN ANTONIO,Vega Alta Public Supply Wells,0.43383632801516026,692,PR,VEGA ALTA,72143
PS 58 CARROLL (THE),Gowanus Canal,0.43401724888707743,11231,NY,BROOKLYN,36047
Clearwater Elementary,Clearwater Finishing,0.4348713132941428,29822,SC,Clearwater,45003
HAPPY EL,North East 2nd Street (formerly Attebury Grain Storage Facility),0.4356280827172159,79042,TX,HAPPY,48437
HAPPY H S,North East 2nd Street (formerly Attebury Grain Storage Facility),0.4369813669886929,79042,TX,HAPPY,48437
Anacostia HS,Washington Navy Yard,0.43719899667114354,20020,DC,Washington,11001
Lincoln School,Petoskey Municipal Well Field,0.43761322718950496,49770,MI,PETOSKEY,26047
Enslen Elementary,Modesto Ground Water Contamination,0.4385752044495514,95354,CA,Modesto,6099
Bergen Arts and Sciences Charter School,Garfield Ground Water Contamination,0.43938352875417985,7026,NJ,GARFIELD,34003
Park Avenue Elementary School,U.S. Radium Corp.,0.4396286236696556,7050,NJ,ORANGE,34013
CLARKE MIDDLE SCHOOL,New Cassel/Hicksville Ground Water Contamination,0.44017746356252957,11590,NY,WESTBURY,36059
Maywood Avenue School,Maywood Chemical Co.,0.441189169748986,7607,NJ,MAYWOOD,34003
The Excel Center - Papago,"Motorola, Inc. (52nd Street Plant)",0.4424176911974068,85008,AZ,PHOENIX,4013
North Side Middle School,Main Street Well Field,0.44327644778703523,46514,IN,Elkhart,18039
Oak Park El Sch,North Penn - Area 6,0.44337366209605183,19446,PA,Lansdale,42091
YES PREP - 5TH WARD,"Many Diversified Interests, Inc.",0.44378331522151926,77020,TX,HOUSTON,48201
SCHUYLERVILLE MIDDLE SCHOOL,Hudson River PCBs,0.4440057833498641,12871,NY,SCHUYLERVILLE,36091
SCHUYLERVILLE ELEMENTARY SCHOOL,Hudson River PCBs,0.4440057833498641,12871,NY,SCHUYLERVILLE,36091
LUDI PENA MARTIN ACCELERATED EDUCATION CENTER,City of Perryton Well No. 2,0.444932745835269,79070,TX,PERRYTON,48357
Washington Middle,Sporlan Valve Plant #1,0.44537535519241406,63090,MO,WASHINGTON,29071
W TRESPER CLARKE HIGH SCHOOL,New Cassel/Hicksville Ground Water Contamination,0.4458576422217232,11590,NY,WESTBURY,36059
Jefferson El Sch,"Rodale Manufacturing Co., Inc.",0.44596481723268466,18049,PA,Emmaus,42077
PS 369 COY L COX SCHOOL,Gowanus Canal,0.44646781775482025,11217,NY,BROOKLYN,36047
Nitro Elementary School,"Fike Chemical, Inc.",0.44668365202680105,25143,WV,Nitro,54039
South Weber School,Hill Air Force Base,0.44732551186686104,84405,UT,SOUTH WEBER,49011
Katherine Johnson Education Center,Waite Park Wells,0.4484682342910894,56303,MN,SAINT CLOUD,27145
Crittenden Middle,"Spectra-Physics, Inc.",0.44864152578946476,94043,CA,Mountain View,6085
Franklin Elementary School,Highway 3 PCE,0.4486729663656905,51031,IA,Le Mars,19149
Tyee Park Elementary School,Lakewood,0.44883240525141965,98499,WA,Lakewood,53053
LARKDALE ELEMENTARY SCHOOL,Wingate Road Municipal Incinerator Dump,0.45097897665181386,33311,FL,LAUDERHILL,12011
ROBERT E PEARY SCHOOL,Wolff-Alport Chemical Company,0.4542363505345604,11385,NY,RIDGEWOOD,36081
TEXANS CAN ACADEMY - HOUSTON HOBBY,Geneva Industries/Fuhrmann Energy,0.45452350484069554,75208,TX,DALLAS,48201
Los Paseos Elementary,Fairchild Semiconductor Corp. (South San Jose Plant),0.4545841631933775,95139,CA,San Jose,6085
Westlawn Elementary,Amcast Industrial Corporation,0.4545888159801249,53012,WI,Cedarburg,55089
HOWARD ELEMENTARY SCHOOL,Cleburn Street Well,0.45471773997669795,68801,NE,GRAND ISLAND,31079
Sandoval Elem School,Sandoval Zinc Company,0.45553314586821264,62882,IL,Sandoval,17121
PICAYUNE JUNIOR HIGH SCHOOL,Picayune Wood Treating,0.4557739824778555,39466,MS,Picayune,28109
Garfield Elementary,San Gabriel Valley (Area 3),0.4559771872995968,91801,CA,Alhambra,6037
PMHS CAREER & TECHNOLOGY CENTER,Picayune Wood Treating,0.45623692310278374,39466,MS,Picayune,28109
G W Carver High School,Agriculture Street Landfill,0.4571084795529129,70126,LA,New Orleans,22071
ROSS EL,South Cavalcade Street,0.458580048272416,77026,TX,HOUSTON,48201
BUSHWICK LEADERS HIGH SCHOOL FOR ACADEMIC EXCELLENCE,Wolff-Alport Chemical Company,0.4591921816607122,11221,NY,BROOKLYN,36081
JOSEPH F QUINN INTERMEDIATE SCHOOL 77,Wolff-Alport Chemical Company,0.4591921816607122,11385,NY,RIDGEWOOD,36081
Theuerkauf Elementary,Teledyne Semiconductor,0.4621885898217309,94043,CA,Mountain View,6085
Springfield Township School,"Kauffman & Minteer, Inc.",0.4624902818761079,8041,NJ,JOBSTOWN,34005
Ottawa Township High School,Ottawa Radiation Areas,0.46407995785962985,61350,IL,Ottawa,17099
Wyoming Junior High School,Spartan Chemical Co.,0.46418678920015444,49519,MI,WYOMING,26081
PERRYTON J H,City of Perryton Well No. 2,0.46538659688746387,79070,TX,PERRYTON,48357
Rafael Hernandez School,Riverside Industrial Park,0.46588776087129075,7104,NJ,NEWARK,34013
Kramer MS,Washington Navy Yard,0.46656731279762886,20020,DC,Washington,11001
GOLIAD EL,Northwest Odessa Groundwater,0.4678697951097347,79762,TX,ODESSA,48135
AGRIPINA SEDA,Ochoa Fertilizer Co,0.46838524822412686,653,PR,GUANICA,72055
BARACK OBAMA EL MALE LEADERSHIP ACADEMY,"Lane Plating Works, Inc.",0.46873010538971815,75241,TX,DALLAS,48113
Memorial Elem School,Central Illinois Public Service Co.,0.4698679379030407,62568,IL,Taylorville,17021
BRANDON SUCCESS CENTER,Taylor Road Landfill,0.4700637550198479,33584,FL,SEFFNER,12057
Grew Elementary School,Lower Neponset River,0.4707489966288182,2136,MA,Hyde Park,25025
Orchard View Elementary School,"State Disposal Landfill, Inc.",0.4718409201082865,49525,MI,GRAND RAPIDS,26081
Leman Middle School,Kerr-McGee (Residential Areas),0.47326758091934196,60185,IL,West Chicago,17043
HEART OF THE LAKE ELEMENTARY,Perham Arsenic Site,0.47333690152725183,56573,MN,PERHAM,27111
HENRYETTA MS,Henryetta Iron and Metal,0.47350677187915435,74437,OK,Henryetta,40111
San Miguel Elementary,"TRW Microwave, Inc. (Building 825)",0.47351467277310805,94085,CA,Sunnyvale,6085
Michael T Simmons Elementary,Palermo Well Field Ground Water Contamination,0.4740980921743934,98512,WA,Tumwater,53067
THE SPRING,Taylor Road Landfill,0.4744683011698639,33584,FL,SEFFNER,12057
Astor Elementary School,McCormick & Baxter Creosoting Co. (Portland Plant),0.4745464472172753,97203,OR,Portland,41051
Robert Morris School,Brook Industrial Park,0.4746930312710893,8880,NJ,South Bound Brook,34035
SOUTH SIDE LOWER ELEMENTARY SCHOOL,Picayune Wood Treating,0.4750095407888072,39466,MS,Picayune,28109
Balsz Online Academy (B.O.A.),"Motorola, Inc. (52nd Street Plant)",0.47615186186009834,85008,AZ,PHOENIX,4013
Hanawalt Elementary,Railroad Avenue Groundwater Contamination,0.47712417074270697,50312,IA,Des Moines,19153
Robb El Sch,Drake Chemical,0.478704273215237,17745,PA,Lock Haven,42035
South High,South Minneapolis Residential Soil Contamination,0.47900250164219116,55407,MN,MINNEAPOLIS,27053
Mary W. Jackson School,Utah Power & Light/American Barrel Co.,0.47983220133044335,84116,UT,SALT LAKE CITY,49035
Fountain Inn Elementary,Beaunit Corp. (Circular Knit & Dye),0.48017096855187835,29644,SC,Fountain Inn,45045
Jefferson Elem School,Ottawa Radiation Areas,0.4805574470055568,61350,IL,Ottawa,17099
Washington Elementary School,U.S. Radium Corp.,0.48112214639679046,7052,NJ,W ORANGE,34013
Michael R. Hollis Innovation Academy,Westside Lead,0.4812653316588111,30314,GA,Atlanta,13121
Prescott Elementary,AMCO Chemical,0.4831037289935507,94607,CA,Oakland,6001
HALLANDALE HIGH SCHOOL,Petroleum Products Corp.,0.4844245597719468,33009,FL,HALLANDALE BEACH,12011
Lakeview Middle,US Finishing/Cone Mills,0.4845832852344044,29617,SC,Greenville,45045
Wake EC of Information & Biotechnologies,"Koppers Co., Inc. (Morrisville Plant)",0.48515867787552913,27560,NC,Morrisville,37183
Granada Elementary,San Gabriel Valley (Area 3),0.4851976562036222,91801,CA,Alhambra,6037
Troy Online Academy,East Troy Contaminated Aquifer,0.48521562647755434,45373,OH,Troy,39109
California Creative Learning Academy MS,San Fernando Valley (Area 4),0.4854139809283485,90065,CA,Los Angeles,6037
California Creative Learning Academy,San Fernando Valley (Area 4),0.4854139809283485,90065,CA,Los Angeles,6037
Long Prairie-Grey Eagle Secondary,Long Prairie Ground Water Contamination,0.4854937017882911,56347,MN,LONG PRAIRIE,27153
Delsea Regional Middle School,Pioneer Metal Finishing Inc,0.4856953293722196,8322,NJ,FRANKLINVILLE,34015
East Orange Community Charter School,Orange Valley Regional Ground Water Contamination,0.4860144166028873,7017,NJ,EAST ORANGE,34013
Nystrom Elementary,United Heckathorn Co.,0.4860467940568014,94804,CA,Richmond,6013
Charles City High School,Shaw Avenue Dump,0.4861571111276675,50616,IA,Charles City,19067
Birchwood Elementary School,Oeser Co,0.48682679839938353,98225,WA,Bellingham,53073
RUTH EVELYN CRUZ SANTOS,Cidra Ground Water Contamination,0.4872964930275563,739,PR,CIDRA,72041
Battle Academy for Teaching and Learning,Southside Chattanooga Lead,0.48737074280977477,37408,TN,Chattanooga,47065
Laurelwood Elementary,Intersil Inc./Siemens Components,0.4877078258906282,95051,CA,Santa Clara,6085
Milford Public School,"Curtis Specialty Papers, Inc.",0.4890355480057959,8848,NJ,MILFORD,34019
Tyler ES,Washington Navy Yard,0.4893895827427435,20003,DC,Washington,11001
Delaware Elementary School,Jacobsville Neighborhood Soil Contamination,0.4895564658676248,47711,IN,Evansville,18163
School for Deaf Elementary,"Chemical Commodities, Inc.",0.4896043679248808,66061,KS,Olathe,20091
School for Deaf High,"Chemical Commodities, Inc.",0.4896043679248808,66061,KS,Olathe,20091
Bessemer Elementary School,Colorado Smelter,0.49016384510606503,81004,CO,PUEBLO,8101
East Intermediate School,Adam's Plating,0.49063448463656356,48917,MI,LANSING,26065
Cradock Elementary,St. Juliens Creek Annex (U.S. Navy),0.4907237560298075,23702,VA,Portsmouth,51740
PS 239,Wolff-Alport Chemical Company,0.4912023537806267,11385,NY,RIDGEWOOD,36081
Christopher Columbus School #8,Garfield Ground Water Contamination,0.4930651817222798,7026,NJ,GARFIELD,34003
Thomas Jefferson Elementary,San Fernando Valley (Area 2),0.49346239725343105,91201,CA,Glendale,6037
LMP Regional Office of Education,Ottawa Radiation Areas,0.4934858739870073,61350,IL,Ottawa,17099
Fremont Elementary,Alark Hard Chrome,0.4937960931334407,92501,CA,Riverside,6065
Tecumseh-Harrison Elementary Sch,Prestolite Battery Division,0.4942124320252638,47591,IN,Vincennes,18083
KENLY ELEMENTARY SCHOOL,Alaric Area Ground Water Plume,0.4952068600319795,33619,FL,TAMPA,12057
KRAMER EDUCATION CENTER,10th Street Site,0.4954430463795121,68602,NE,COLUMBUS,31141
Twin Cities German Immersion Chrtr,Koppers Coke,0.4955794774121414,55103,MN,SAINT PAUL,27123
DRIGGERS EL,Bandera Road Ground Water Plume,0.4962339170935953,78238,TX,SAN ANTONIO,48029
WASMER ELEMENTARY SCHOOL,Cleburn Street Well,0.4971057645634732,68801,NE,GRAND ISLAND,31079
GULFSIDE ELEMENTARY SCHOOL,Stauffer Chemical Co. (Tarpon Springs),0.4974141517873803,34691,FL,HOLIDAY,12101
Luis Munoz Marin Elementary School,Riverside Industrial Park,0.4988304164485929,7104,NJ,Newark,34013
MONTESSORI MAGNET SCHOOL,"Mercury Refining, Inc.",0.499784034186114,12205,NY,ALBANY,36001
Dr. J.P. Cleary Elementary School,South Jersey Clothing Co.,0.49994326203739436,8341,NJ,MINOTOLA,34001
Troy Online Academy,West Troy Contaminated Aquifer,0.5001362924931986,45373,OH,Troy,39109
Cadillac Senior High School,Kysor Industrial Corp.,0.5016376217832409,49601,MI,CADILLAC,26165
HGA Secondary,Koppers Coke,0.5017595228077856,55108,MN,SAINT PAUL,27123
PK EARLY INTERVENTION,Solitron Microwave,0.5020877217683323,34997,FL,STUART,12085
PREKINDERGARTEN PROGRAMS,Solitron Microwave,0.5020877217683323,34997,FL,STUART,12085
Hillside Elementary School,Railroad Avenue Groundwater Contamination,0.5035371213050226,50265,IA,West Des Moines,19153
Educare of West DuPage,Kerr-McGee (Kress Creek/West Branch of DuPage River),0.5036086558576857,60185,IL,West Chicago,17043
ALTER ED CTR,East 67th Street Ground Water Plume,0.5036701187358983,79762,TX,ODESSA,48135
Signature School Inc,Jacobsville Neighborhood Soil Contamination,0.5036920144796121,47708,IN,Evansville,18163
Riverside,Creese & Cook Tannery (Former),0.5037168830595645,1923,MA,Danvers,25009
Downtown College Preparatory,Lorentz Barrel & Drum Co.,0.5037708127277312,95110,CA,San Jose,6085
Downtown College Preparatory Middle,Lorentz Barrel & Drum Co.,0.5037708127277312,95110,CA,San Jose,6085
Santa Fe Computer Science Magnet,San Gabriel Valley (Area 1),0.5054454792193833,91016,CA,Monrovia,6037
Harrington Elementary School,McGraw Edison Corp.,0.5054862121186264,49224,MI,ALBION,26025
Brunson-Lee Elementary School,"Motorola, Inc. (52nd Street Plant)",0.506367017902337,85008,AZ,PHOENIX,4013
Ashland Middle,Nyanza Chemical Waste Dump,0.5067569529008121,1721,MA,Ashland,25017
Grandville East Elementary School,"Organic Chemicals, Inc.",0.5071509286848037,49418,MI,GRANDVILLE,26081
Minnesota Transitions Charter Elem,South Minneapolis Residential Soil Contamination,0.5080610937012491,55406,MN,MINNEAPOLIS,27053
Laura Lee Therapeutic Day School,Silresim Chemical Corp.,0.5081959498403283,1851,MA,Lowell,25017
HOLMES ELEMENTARY SCHOOL,Continental Cleaners,0.5083523403648078,33150,FL,MIAMI,12086
Scotts Valley Middle,Watkins-Johnson Co. (Stewart Division Plant),0.5090955711869781,95066,CA,Scotts Valley,6087
PROGRESS HIGH SCHOOL FOR PROFESSIONAL CAREERS,Newtown Creek,0.5093311476710676,11211,NY,BROOKLYN,36047
EAST WILLIAMSBURG SCHOLARS ACADEMY,Newtown Creek,0.5093311476710676,11211,NY,BROOKLYN,36047
HIGH SCHOOL FOR ENTERPRISE BUSINESS & TECHNOLOGY (THE),Newtown Creek,0.5093311476710676,11211,NY,BROOKLYN,36047
Monticello High,Monticello Mill Tailings (USDOE),0.5102414621456397,84535,UT,MONTICELLO,49037
Charles A Tindley Accelerated Sch,Keystone Corridor Ground Water Contamination,0.5105418464836355,46205,IN,Indianapolis,18097
Washington County Job Development Center,Central Chemical (Hagerstown),0.5108920062321821,21740,MD,Hagerstown,24043
Marshall Street School,Central Chemical (Hagerstown),0.5108920062321821,21740,MD,Hagerstown,24043
Graniteville School,Centredale Manor Restoration Project,0.5121219077137771,2919,RI,Johnston,44007
PRICE ELEMENTARY,"Solid State Circuits, Inc.",0.5138099193870882,65738,MO,REPUBLIC,29077
A. Crosby Kennett Middle School,Kearsarge Metallurgical Corp.,0.5142349431432727,3818,NH,Conway,33003
GEORGE W HEWLETT HIGH SCHOOL,Peninsula Boulevard Ground Water Plume,0.5143647036618634,11557,NY,HEWLETT,36059
Virtual Campus,Des Moines TCE,0.5152386393419102,50309,IA,Des Moines,19153
Downtown School,Des Moines TCE,0.5152386393419102,50309,IA,Des Moines,19153
CLAYTON AVENUE ELEMENTARY SCHOOL,Vestal Water Supply Well 1-1,0.5154936850741118,13850,NY,VESTAL,36007
SOUTH HOUSTON INT,Geneva Industries/Fuhrmann Energy,0.5155567844914463,77587,TX,SO HOUSTON,48201
Milford High School,Fletcher's Paint Works & Storage,0.5159113455165012,3055,NH,Milford,33011
KENLY ELEMENTARY SCHOOL,Helena Chemical Co. (Tampa Plant),0.5160535803346558,33619,FL,TAMPA,12057
Richard L. Graves Middle,"Waste Disposal, Inc.",0.5162945803944855,90605,CA,Whittier,6037
Newmark Elementary,Newmark Ground Water Contamination,0.5168059514829525,92407,CA,San Bernardino,6071
Centredale School,Centredale Manor Restoration Project,0.517558688823179,2911,RI,North Providence,44007
H FRANK CAREY HIGH SCHOOL,Genzale Plating Co.,0.5181343083015909,11010,NY,FRANKLIN SQUARE,36059
EVERGREEN MIDDLE SCHOOL FOR URBAN EXPLORATION,Wolff-Alport Chemical Company,0.518352811298454,11207,NY,BROOKLYN,36047
KHALIL GIBRAN INTERNATIONAL ACADEMY,Gowanus Canal,0.5185700205733444,11217,NY,BROOKLYN,36047
LAKE AVENUE ELEMENTARY SCHOOL,Niagara Mohawk Power Corp. (Saratoga Spings Plant),0.5185702202144591,12866,NY,SARATOGA SPRINGS,36091
Grissom Elem School,Schroud Property,0.5188278676924349,60633,IL,Chicago,17031
Cradock Middle,Peck Iron and Metal,0.5193971121199099,23702,VA,Portsmouth,51740
LOS NINOS ELEMENTARY,North Railroad Avenue Plume,0.5194466474841547,87532,NM,ESPANOLA,35039
Harrison Elementary School,Beck's Lake,0.519812204969874,46619,IN,South Bend,18141
Lincoln Elem School,Parsons Casket Hardware Co.,0.5200988517414086,61008,IL,Belvidere,17007
MIAMI NORTHWESTERN SENIOR HIGH,Continental Cleaners,0.5203273533255739,33150,FL,MIAMI,12086
Fair Lawn High School,Fair Lawn Well Field,0.5205706257894154,7410,NJ,FAIR LAWN,34003
Bound Brook High School,Brook Industrial Park,0.5208527483658671,8805,NJ,Bound Brook,34035
PICKETT ELEMENTARY SCHOOL,Pickettville Road Landfill,0.521380647714962,32254,FL,JACKSONVILLE,12031
Central Elementary School,Orange Valley Regional Ground Water Contamination,0.5216708340842237,7050,NJ,Orange,34013
Nitro High School,"Fike Chemical, Inc.",0.5237496392520834,25143,WV,Nitro,54039
Huber Street School,Lower Hackensack River,0.5249999542147377,7094,NJ,SECAUCUS,34017
North View Elementary School,North 25th Street Glass and Zinc,0.5250970929842717,26301,WV,Clarksburg,54033
HENRYETTA HS,Henryetta Iron and Metal,0.5257180269341541,74437,OK,Henryetta,40111
B.F. Butler Middle School,Silresim Chemical Corp.,0.5258086850203427,1852,MA,Lowell,25017
Gulph EL Sch,"Crater Resources, Inc./Keystone Coke Co./Alan Wood Steel Co.",0.5265631614315452,19406,PA,King of Prussia,42091
Byram Intermediate School,Mansfield Trail Dump,0.5267273459298527,7874,NJ,STANHOPE,34037
Sparta High School,A. O. Polymer,0.5277506365835358,7871,NJ,SPARTA,34037
John J Shaughnessy,Silresim Chemical Corp.,0.5281870781031822,1852,MA,Lowell,25017
CharEm Alternative Schools,Petoskey Municipal Well Field,0.5286180995438953,49770,MI,PETOSKEY,26047
Vibrant Minds Charter,Orange County North Basin,0.529276423084197,92801,CA,Anaheim,6059
Lydia Jackson College Preparatory Academy,Omega Chemical Corporation,0.5294667862973683,90602,CA,Whittier,6037
JEFFERSON ELEMENTARY SCHOOL,Cleburn Street Well,0.5295173195436123,68801,NE,GRAND ISLAND,31079
Lakeview Virtual School,Ten-Mile Drain,0.5296117117074339,48081,MI,ST CLR SHORES,26099
HIALEAH GARDENS MIDDLE SCHOOL,"Pepper Steel & Alloys, Inc.",0.529957587557031,33018,FL,HIALEAH GARDENS,12086
VOA High Extended,Southeast Hennepin Area Groundwater and Vapor,0.5314707822317676,55413,MN,MINNEAPOLIS,27053
VOA High,Southeast Hennepin Area Groundwater and Vapor,0.5314707822317676,55413,MN,MINNEAPOLIS,27053
Inglewood El Sch,North Penn - Area 6,0.5314938026817402,19446,PA,Lansdale,42091
LIBERTY EL,Sandy Beach Road Ground Water Plume,0.5322319167331554,76020,TX,AZLE,48439
Central Elementary School,U.S. Radium Corp.,0.5324645109737697,7050,NJ,Orange,34013
Kings Mills Educational Center,Peters Cartridge Factory,0.5327513421845252,45034,OH,Kings Mills,39165
PICAYUNE MEMORIAL HIGH SCHOOL,Picayune Wood Treating,0.5332856116609291,39466,MS,Picayune,28109
North Godwin Elementary School,Chem Central,0.5334600038646042,49548,MI,GRAND RAPIDS,26081
Wilcoxson School,"Raymark Industries, Inc.",0.5334629059347327,6614,CT,Stratford,9120
Troy Junior High School,West Troy Contaminated Aquifer,0.5344417751764015,45373,OH,Troy,39109
Dwight D. Eisenhower Elementary School,"Chemsol, Inc.",0.5355003325270528,8854,NJ,PISCATAWAY,34023
Andrew Avenue School,"Laurel Park, Inc.",0.5362450059099696,6770,CT,Naugatuck,9140
Harriman High School,Clinch River Corporation,0.5372124546235755,37748,TN,Harriman,47145
Alhambra High,San Gabriel Valley (Area 3),0.5384328138951743,91801,CA,Alhambra,6037
New Millennium Academy Charter,Joslyn Manufacturing & Supply Co.,0.5385061874176982,55429,MN,BROOKLYN CENTER,27053
Doyle El Sch,Chem-Fab,0.5390657824193249,18901,PA,Doylestown,42017
HOLLEY ELEMENTARY SCHOOL,Diaz Chemical Corporation,0.5393942721140764,14470,NY,HOLLEY,36073
283-ST. LOUIS PARK ALC,Highway 100 and County Road 3 Groundwater Plume,0.5394334096273142,55426,MN,SAINT LOUIS PARK,27053
283 ST LOUIS PK INDEPENDENT STUDY,Highway 100 and County Road 3 Groundwater Plume,0.5394334096273142,55426,MN,SAINT LOUIS PARK,27053
283-IND STDY 15 AND UNDER - I.S.,Highway 100 and County Road 3 Groundwater Plume,0.5394334096273142,55426,MN,SAINT LOUIS PARK,27053
SPECIAL ED.,Highway 100 and County Road 3 Groundwater Plume,0.5394334096273142,55426,MN,SAINT LOUIS PARK,27053
Park Virtual - High School,Highway 100 and County Road 3 Groundwater Plume,0.5394334096273142,55426,MN,SAINT LOUIS PARK,27053
Park Virtual - Elementary,Highway 100 and County Road 3 Groundwater Plume,0.5394334096273142,55426,MN,SAINT LOUIS PARK,27053
ST. LOUIS PARK SENIOR HIGH,Highway 100 and County Road 3 Groundwater Plume,0.5394334096273142,55426,MN,SAINT LOUIS PARK,27053
Park Virtual - Middle School,Highway 100 and County Road 3 Groundwater Plume,0.5394334096273142,55426,MN,SAINT LOUIS PARK,27053
Veritas College Preparatory,Memphis Defense Depot (DLA),0.5394750142447442,38106,TN,Memphis,47157
Memphis College Preparatory,Memphis Defense Depot (DLA),0.5394750142447442,38106,TN,Memphis,47157
TEXANS CAN ACADEMY - HOUSTON NORTH,South Cavalcade Street,0.541642346177799,77009,TX,HOUSTON,48201
Kegonsa Elementary,Stoughton City Landfill,0.5422682753667236,53589,WI,Stoughton,55025
CMSD ALTERNATIVE SCHOOL,Kerr-McGee Chemical Corp - Columbus,0.5429488061270418,39701,MS,COLUMBUS,28087
Vienna Elementary School,Vienna Tetrachloroethene,0.5434020048937599,26105,WV,Vienna,54107
Park Virtual - High School,Reilly Tar & Chemical Corp. (St. Louis Park Plant),0.5438362083707632,55426,MN,SAINT LOUIS PARK,27053
Park Virtual - Middle School,Reilly Tar & Chemical Corp. (St. Louis Park Plant),0.5438362083707632,55426,MN,SAINT LOUIS PARK,27053
ST. LOUIS PARK SENIOR HIGH,Reilly Tar & Chemical Corp. (St. Louis Park Plant),0.5438362083707632,55426,MN,SAINT LOUIS PARK,27053
283 ST LOUIS PK INDEPENDENT STUDY,Reilly Tar & Chemical Corp. (St. Louis Park Plant),0.5438362083707632,55426,MN,SAINT LOUIS PARK,27053
Park Virtual - Elementary,Reilly Tar & Chemical Corp. (St. Louis Park Plant),0.5438362083707632,55426,MN,SAINT LOUIS PARK,27053
SPECIAL ED.,Reilly Tar & Chemical Corp. (St. Louis Park Plant),0.5438362083707632,55426,MN,SAINT LOUIS PARK,27053
283-ST. LOUIS PARK ALC,Reilly Tar & Chemical Corp. (St. Louis Park Plant),0.5438362083707632,55426,MN,SAINT LOUIS PARK,27053
283-IND STDY 15 AND UNDER - I.S.,Reilly Tar & Chemical Corp. (St. Louis Park Plant),0.5438362083707632,55426,MN,SAINT LOUIS PARK,27053
Montgomery Village Child Development Center Inc.,Smokey Mountain Smelters,0.5440409904218797,37920,TN,Knoxville,47093
Aveson Global Leadership Academy,Jet Propulsion Laboratory (NASA),0.5440904053822055,91001,CA,Altadena,6037
Nathan Hale Elementary School,Federated Metals Corp Whiting,0.5444387130954252,46394,IN,Whiting,18089
Shelton Park Elementary,Naval Amphibious Base Little Creek,0.5450802808871915,23455,VA,Virginia Beach,51810
THONOTOSASSA ELEMENTARY SCHOOL,Arkla Terra Property,0.5452363360852089,33592,FL,THONOTOSASSA,12057
Orchard School,Billings PCE,0.5453375699912235,59101,MT,Billings,30111
Park El Sch,UGI Columbia Gas Plant,0.5461473602138807,17512,PA,Columbia,42071
Pleasantville Middle School,Price Landfill,0.5463280032299149,8232,NJ,PLEASANTVILLE,34001
KERMIT H S,Highway 18 Ground Water,0.5472113464336718,79745,TX,KERMIT,48495
EARLY HEAD START ROSA STREET,Picayune Wood Treating,0.548660383359628,39466,MS,Picayune,28109
Sunnycrest Elementary School,Midway Landfill,0.5486611842283541,98032,WA,KENT,53033
KERMIT J H,Highway 18 Ground Water,0.5490647503667344,79745,TX,KERMIT,48495
ECTOR CO YOUTH CTR,East 67th Street Ground Water Plume,0.5502452748881284,79762,TX,ODESSA,48135
Clay Elem School,Schroud Property,0.550335077739201,60633,IL,Chicago,17031
North Hagerstown High,Central Chemical (Hagerstown),0.5504956286509666,21742,MD,Hagerstown,24043
Alfred C. MacKinnon Middle School,Dayco Corp./L.E. Carpenter Co.,0.5528625877280141,7885,NJ,Wharton,34027
WASHINGTON STREET SCHOOL,Genzale Plating Co.,0.5530203818631549,11010,NY,FRANKLIN SQUARE,36059
WINGATE OAKS CENTER,Wingate Road Municipal Incinerator Dump,0.5538982705611963,33311,FL,FORT LAUDERDALE,12011
Reed Elementary School,"Commencement Bay, South Tacoma Channel",0.5541308049242177,98418,WA,Tacoma,53053
Central Elementary School,Petoskey Municipal Well Field,0.5569353984933951,49770,MI,PETOSKEY,26047
Universal Academy Middle/High,South Minneapolis Residential Soil Contamination,0.5573750614163971,55406,MN,MINNEAPOLIS,27053
Wisconsin Hills Middle,"Waste Management of Wisconsin, Inc. (Brookfield Sanitary Landfill)",0.5574125159038762,53045,WI,Brookfield,55133
Columbus Elem School,Mouat Industries,0.5574942766301095,59019,MT,Columbus,30095
SOUTH COUNTY CAREER CENTER,JJ Seifert Machine,0.5585683806074808,33570,FL,RUSKIN,12057
School #5,Quanta Resources,0.558718341327649,7010,NJ,CLIFFSIDE PARK,34003
Garfield Public Preschool Annex,"Curcio Scrap Metal, Inc.",0.5587550774842188,7026,NJ,GARFIELD,34003
HECTOR P GARCIA EL,Delfasco Forge,0.5588984057094073,75050,TX,GRAND PRAIRIE,48113
Wood-Ridge Jr/Sr High School,Ventron/Velsicol,0.5589231269472468,7075,NJ,WOOD  RIDGE,34003
Cheraw Intermediate,Burlington Industries Cheraw,0.5592438611868742,29520,SC,Cheraw,45025
Winnfield Primary School,"American Creosote Works, Inc. (Winnfield Plant)",0.5596086414971325,71483,LA,Winnfield,22127
John C Tayloe Elementary,"FCX, Inc. (Washington Plant)",0.5597393139150232,27889,NC,Washington,37013
Tweedy Elementary,Jervis B. Webb Co.,0.5597604155972057,90280,CA,South Gate,6037
Wood-Ridge Intermediate School,Ventron/Velsicol,0.5602178102062311,7075,NJ,WOOD-RIDGE,34003
Jose Antonio Vargas Elementary,Raytheon Corp.,0.5612545103688595,94043,CA,Mountain View,6085
Universal Academy Elementary,South Minneapolis Residential Soil Contamination,0.5619215643534581,55406,MN,MINNEAPOLIS,27053
Pennbrook MS,North Penn - Area 7,0.5622020539362199,19454,PA,North Wales,42091
Stevenson Elementary,Teledyne Semiconductor,0.5627044844883379,94043,CA,Mountain View,6085
Richmond College Preparatory,United Heckathorn Co.,0.5634072019244402,94804,CA,Richmond,6013
Caney Valley Charter Academy,Caney Residential Yards,0.5634629390385447,67333,KS,Caney,20125
Caney Valley High,Caney Residential Yards,0.5634629390385447,67333,KS,Caney,20125
Garfield Public Preschool 3 at Headstart,"Curcio Scrap Metal, Inc.",0.5635562803007771,7026,NJ,Garfield,34003
SIERRA MIDDLE,Griggs & Walnut Ground Water Plume,0.5641712835817263,88001,NM,LAS CRUCES,35013
IGNACIO MIRANDA,Vega Alta Public Supply Wells,0.564436282931545,692,PR,VEGA ALTA,72143
SIDNEY LANIER CENTER,Cabot/Koppers,0.5645326667017427,32601,FL,GAINESVILLE,12001
ALOMA ELEMENTARY,"City Industries, Inc.",0.56492319274528,32792,FL,WINTER PARK,12095
The Wallace Wallin School,East Basin Road Groundwater,0.5655542329955942,19720,DE,New Castle,10003
CYRIL JHS,Oklahoma Refining Co.,0.5665751926406722,73029,OK,Cyril,40015
CYRIL HS,Oklahoma Refining Co.,0.5665751926406722,73029,OK,Cyril,40015
Hazelwood Elementary,"Benfield Industries, Inc.",0.5670234397764191,28786,NC,Waynesville,37087
Robert Frost Charter School (E),Kearsarge Metallurgical Corp.,0.5670340917406372,3818,NH,Conway,33003
Robert Frost Charter School (H),Kearsarge Metallurgical Corp.,0.5670340917406372,3818,NH,Conway,33003
PS 106 EDWARD EVERETT HALE,Wolff-Alport Chemical Company,0.5670919244267003,11221,NY,BROOKLYN,36047
Gary Elementary School,Kerr-McGee (Kress Creek/West Branch of DuPage River),0.5673572902308555,60185,IL,West Chicago,17043
Northwest Elem School,LaSalle Electric Utilities,0.5675819155151919,61301,IL,La Salle,17099
Hamburg Area Middle School,Price Battery,0.5679868504781991,19526,PA,Hamburg,42011
TEXAS CONNECTIONS ACADEMY AT HOUSTON,Crystal Chemical Co.,0.5681315645803787,77042,TX,HOUSTON,48201
Upper Moreland El Sch,Raymark,0.5685071250597565,19040,PA,Hatboro,42091
North Belmont Elementary,Jadco-Hughes Facility,0.5694641822611284,28012,NC,Belmont,37071
Rosa Parks Community School,Orange Valley Regional Ground Water Contamination,0.5696049227426555,7050,NJ,ORANGE,34013
Washington El Sch,Bally Ground Water Contamination,0.5707876258517518,19504,PA,Barto,42011
Northeast College Prep Charter Scho,General Mills/Henkel Corp.,0.57081148606931,55413,MN,MINNEAPOLIS,27053
CYRIL ES,Oklahoma Refining Co.,0.5713759674070955,73029,OK,Cyril,40015
Clare Middle School,Clare Water Supply,0.5717963331170641,48617,MI,CLARE,26035
Rosa Parks Community School,U.S. Radium Corp.,0.5732781991562965,7050,NJ,ORANGE,34013
HOWITT SCHOOL,Liberty Industrial Finishing,0.5733305945817558,11735,NY,FARMINGDALE,36059
CHARLES F JOHNSON JR ELEMENTARY SCHOOL,Endicott Village Well Field,0.5734003388708525,13760,NY,ENDICOTT,36007
Washington Learning Academy,Prestolite Battery Division,0.5740561704532332,47591,IN,Vincennes,18083
Educare of West DuPage,Kerr-McGee (Residential Areas),0.5750202760237111,60185,IL,West Chicago,17043
Excel Center - South Bend,Beck's Lake,0.5756577844091486,46628,IN,South Bend,18141
NORFOLK SENIOR HIGH SCHOOL,Iowa-Nebraska Light & Power Co,0.5763342257238139,68701,NE,NORFOLK,31119
BROOKLYN RISE CHARTER SCHOOL,Gowanus Canal,0.5765602487831439,11201,NY,BROOKLYN,36047
BROOKLYN SCHOOL FOR MATH AND RESEARCH (THE),Wolff-Alport Chemical Company,0.5768908031093496,11237,NY,BROOKLYN,36047
ACADEMY OF URBAN PLANNING AND ENGINEERING (THE),Wolff-Alport Chemical Company,0.5768908031093496,11237,NY,BROOKLYN,36047
BROOKLYN SCHOOL FOR SOCIAL JUSTICE (THE),Wolff-Alport Chemical Company,0.5768908031093496,11237,NY,BROOKLYN,36047
ACADEMY FOR EXCELLENCE IN LEADERSHIP,Wolff-Alport Chemical Company,0.5768908031093496,11237,NY,BROOKLYN,36047
Bishop Elementary,Westinghouse Electric Corp. (Sunnyvale Plant),0.577377207807741,94085,CA,Sunnyvale,6085
Prather Elementary School,Jennison-Wright Corporation,0.5775236819058546,62040,IL,Granite City,17119
Merrimack High School,New Hampshire Plating Co.,0.5777125551026412,3054,NH,Merrimack,33011
Marie V. Duffy Elementary School,Dayco Corp./L.E. Carpenter Co.,0.5780101761872469,7885,NJ,Wharton,34027
Henry B. Wilson Family School,Welsbach & General Gas Mantle (Camden Radiation),0.5798763089443616,8104,NJ,CAMDEN,34007
Schuler Elementary School,PCE Former Dry Cleaner,0.5800734082096605,50022,IA,Atlantic,19029
Charles City Middle School,Shaw Avenue Dump,0.5800946627411372,50616,IA,Charles City,19067
PRAIRIE WIND MIDDLE,Perham Arsenic Site,0.5802814449708108,56573,MN,PERHAM,27111
Butler Tech Bioscience Center,Skinner Landfill,0.5807437898073101,45069,OH,West Chester,39017
Central Elem,"Chemical Commodities, Inc.",0.5814406892288666,66061,KS,Olathe,20091
The Career Academy,Silresim Chemical Corp.,0.581614504055767,1851,MA,Lowell,25017
EARLY CHILDHOOD CENTER,"Solid State Circuits, Inc.",0.5824739806783048,65738,MO,Republic,29077
Sierra Vista High (Alternative),"Waste Disposal, Inc.",0.582494881684783,90605,CA,Whittier,6037
Frontier High (Continuation),"Waste Disposal, Inc.",0.582494881684783,90605,CA,Whittier,6037
Lakeview High School,Ten-Mile Drain,0.5826166917398896,48081,MI,SAINT CLAIR SHORES,26099
Woods Cross High,Five Points PCE Plume,0.5832098132209502,84087,UT,WOODS CROSS,49011
Reading Muhlenberg Career and Technology Center,Former Exide Technologies Laureldale ,0.5832507565698325,19604,PA,Reading,42011
BERTHA BARBER ELEMENTARY SCH,PCE - Carriage Cleaners,0.5834355638581615,68005,NE,BELLEVUE,31153
DALLAS ENVIRONMENTAL SCIENCE ACADEMY,RSR Corp.,0.5835344201060539,75212,TX,DALLAS,48113
Lenape Valley Regional High School,Mansfield Trail Dump,0.5839414624878004,7874,NJ,STANHOPE,34037
West Orange Early Childhood Learning Center,Orange Valley Regional Ground Water Contamination,0.5845705859362694,7052,NJ,West Orange,34013
East Millsboro Elementary School,NCR Corp. (Millsboro Plant),0.585351182217262,19966,DE,Millsboro,10005
VESTAL SENIOR HIGH SCHOOL,Vestal Water Supply Well 1-1,0.5857109718034682,13850,NY,VESTAL,36007
YES PREP - HOBBY,Geneva Industries/Fuhrmann Energy,0.5883822337032212,77061,TX,HOUSTON,48201
Central Elementary School,Colonial Creosote,0.5886103717271401,70427,LA,Bogalusa,22117
BOWLING GREEN SCHOOL,New Cassel/Hicksville Ground Water Contamination,0.5888329561339076,11590,NY,WESTBURY,36059
HEMLOCK SCHOOL,Old Roosevelt Field Contaminated Ground Water Area,0.5891735674660242,11530,NY,GARDEN CITY,36059
Lakeside Middle School,Nascolite Corp.,0.5902524355917856,8332,NJ,MILLVILLE,34011
Antioch Comm High School,H.O.D. Landfill,0.5903422637937249,60002,IL,Antioch,17097
BROOKLYN FRONTIERS HIGH SCHOOL,Gowanus Canal,0.5908272841846971,11201,NY,BROOKLYN,36047
Brighton Elementary,Abex Corp.,0.5919637769433584,23704,VA,Portsmouth,51740
FRANCIS HOWELL HIGH,Weldon Spring Quarry/Plant/Pits (USDOE/Army),0.5919863244109742,63304,MO,ST CHARLES,29183
Van Deene Avenue Elementary,Del Amo,0.5923071686057084,90502,CA,Torrance,6037
California Connections Academy Monterey Bay,Watkins-Johnson Co. (Stewart Division Plant),0.5931261616451896,95066,CA,Scotts Valley,6087
MCNICOL MIDDLE SCHOOL,Petroleum Products Corp.,0.5934565225373203,33020,FL,HOLLYWOOD,12011
Henrico Juvenile Detention Home,"Rentokil, Inc. (Virginia Wood Preserving Division)",0.5934765145956193,23273,VA,Richmond,51087
West Bountiful School,Bountiful/Woods Cross 5th South PCE Plume,0.5947010474314062,84087,UT,WEST BOUNTIFUL,49011
Gary Elementary School,Kerr-McGee (Residential Areas),0.5947422390826679,60185,IL,West Chicago,17043
PECOS ELEMENTARY,McGaffey and Main Groundwater Plume,0.5948968956339004,88203,NM,ROSWELL,35005
PS/IS 45 HORACE E GREENE,Wolff-Alport Chemical Company,0.594951203901749,11207,NY,BROOKLYN,36047
LEON VALLEY EL,Bandera Road Ground Water Plume,0.5960385978145953,78240,TX,SAN ANTONIO,48029
CENTER SCHOOL,South Minneapolis Residential Soil Contamination,0.5961115329923724,55404,MN,MINNEAPOLIS,27053
Center School Extended,South Minneapolis Residential Soil Contamination,0.5961115329923724,55404,MN,MINNEAPOLIS,27053
Avondale Meadows Academy,Keystone Corridor Ground Water Contamination,0.5962437556143291,46205,IN,Indianapolis,18097
Avondale Meadows Middle School,Keystone Corridor Ground Water Contamination,0.5962437556143291,46205,IN,Indianapolis,18097
Freedom Prep Charter School,"Martin Aaron, Inc.",0.5963551310808217,8104,NJ,CAMDEN,34007
Camden Virtua,"Martin Aaron, Inc.",0.5963551310808217,8104,NJ,CAMDEN,34007
DALLAS COUNTY JUVENILE JUSTICE,RSR Corp.,0.5971806349814466,75212,TX,DALLAS,48113
LAKE SILVER ELEMENTARY,Chevron Chemical Co. (Ortho Division),0.5971916391937058,32804,FL,ORLANDO,12095
Lanes Mill Elementary School,Brick Township Landfill,0.5975631502512119,8724,NJ,BRICK,34029
Nellie K. Parker,Maywood Chemical Co.,0.5984004711414546,7601,NJ,HACKENSACK,34003
Township Three Elementary,Celanese Corp. (Shelby Fiber Operations),0.5995544323447568,28152,NC,Shelby,37045
Essex High School,Unimatic Manufacturing Corporation,0.5996181981156011,7004,NJ,Fairfield,34013
Essex Campus Academy,Unimatic Manufacturing Corporation,0.5997006994645917,7004,NJ,FAIRFIELD,34013
EILAND MIDDLE SCHOOL,"American Creosote Works, Inc.",0.5999774711332722,39339,MS,LOUISVILLE,28159
Conway Elementary School,Kearsarge Metallurgical Corp.,0.6003248486841924,3818,NH,Conway,33003
PS 77,Gowanus Canal,0.6004511975973871,11217,NY,BROOKLYN,36047
MS 266 PARK PLACE COMMUNITY MIDDLE SCHOOL,Gowanus Canal,0.6004511975973871,11217,NY,BROOKLYN,36047
PS 147 ISSAC REMSEN,Newtown Creek,0.6010994461091946,11206,NY,BROOKLYN,36047
YOUNG WOMEN'S LEADERSHIP SCHOOL OF BROOKLYN,Newtown Creek,0.6010994461091946,11206,NY,BROOKLYN,36047
Weed High,J.H. Baxter & Co.,0.6012419698340112,96094,CA,Weed,6093
MARIA L. MCDOUGALL,Ochoa Fertilizer Co,0.6013012181250879,653,PR,GUANICA,72055
MATTHYS EL,Geneva Industries/Fuhrmann Energy,0.6013828808113053,77587,TX,SOUTH HOUSTON,48201
Bennington Elementary School,"Jard Company, Inc.",0.6014292496016033,5201,VT,Bennington,50003
St. Cloud Area Learning Center,Waite Park Wells,0.6023663751345033,56387,MN,WAITE PARK,27145
Gulph EL Sch,Henderson Road,0.6029182425781751,19406,PA,King of Prussia,42091
Troy High School,East Troy Contaminated Aquifer,0.6035425755347515,45373,OH,Troy,39109
Hmong College Prep Academy ES,Koppers Coke,0.6038779219058334,55108,MN,SAINT PAUL,27123
HMONG COLLEGE PREP ACADEMY HS,Koppers Coke,0.6038779219058334,55108,MN,SAINT PAUL,27123
Hmong College Prep Academy MS,Koppers Coke,0.6038779219058334,55108,MN,SAINT PAUL,27123
Benjamin Franklin Elementary,San Fernando Valley (Area 2),0.6040575734185744,91201,CA,Glendale,6037
Parkside Elementary,Midway Landfill,0.6042105267306026,98198,WA,Des Moines,53033
JENNIE F SNAPP MIDDLE SCHOOL,Vestal Water Supply Well 1-1,0.6043785279424475,13760,NY,ENDICOTT,36007
James Gettys El Sch,Westinghouse Elevator Co. Plant,0.6044484439568057,17325,PA,Gettysburg,42001
Franklin Elementary,Wausau Ground Water Contamination,0.6048308080291857,54403,WI,Wausau,55073
Campus School,Former Custom Cleaners,0.6058394432953862,38152,TN,Memphis,47157
Memorial Middle School,Fair Lawn Well Field,0.6060279814024957,7410,NJ,FAIR LAWN,34003
GARDEN CITY PARK SCHOOL,Fulton Avenue,0.6064090949153569,11040,NY,GARDEN CITY PARK,36059
Ethel Kucera Middle,"Rockets, Fireworks, and Flares (RFF)",0.606503345576544,92377,CA,Rialto,6071
Valley View Innovation School,Broderick Wood Products,0.6078194143245864,80221,CO,DENVER,8001
Watkins ES (Capitol Hill Cluster),Washington Navy Yard,0.6087698626219152,20003,DC,Washington,11001
Whiting Middle School,Federated Metals Corp Whiting,0.6099382230732139,46394,IN,Whiting,18089
MINEOLA MIDDLE SCHOOL,Fulton Avenue,0.6104646572631967,11501,NY,MINEOLA,36059
Lincoln Elementary School,Rockaway Borough Well Field,0.611355319513725,7866,NJ,ROCKAWAY,34027
University High School,Former Custom Cleaners,0.6117948982950029,38152,TN,Memphis,47157
University Middle,Former Custom Cleaners,0.6117948982950029,38152,TN,Memphis,47157
Main Dunstable School,Sylvester,0.6119566203898976,3062,NH,Nashua,33011
PS 282 PARK SLOPE,Gowanus Canal,0.6121419911516539,11217,NY,BROOKLYN,36047
Oakview Elementary School,"Matteo & Sons, Inc.",0.6121755427276597,8096,NJ,WEST DEPTFORD,34015
Syble Hopp School,Better Brite Plating Chrome & Zinc Shops,0.6135546642197137,54115,WI,De Pere,55009
Jackson County Jail,Michner Plating - Mechanic Street,0.6138761967516608,49201,MI,JACKSON,26075
Roosevelt Junior High,Modesto Ground Water Contamination,0.6139163676086647,95350,CA,Modesto,6099
Hallowell El Sch,Willow Grove Naval Air and Air Reserve Station,0.6142701068805959,19044,PA,Horsham,42091
The Journey School,Koppers Coke,0.6150230034872265,55104,MN,SAINT PAUL,27123
The Journey School Middle,Koppers Coke,0.6150230034872265,55104,MN,SAINT PAUL,27123
McDonald El Sch,Naval Air Development Center (8 Waste Areas),0.6161662053584421,18974,PA,Warminster,42017
WEST HIALEAH GARDENS ELEMENTARY SCHOOL,"Pepper Steel & Alloys, Inc.",0.6163211984947823,33018,FL,HIALEAH GARDENS,12086
APOLLO SENIOR HIGH,Waite Park Wells,0.616629065857727,56303,MN,SAINT CLOUD,27145
Woodlawn Avenue Elementary,Pemaco Maywood,0.6183749356324347,90201,CA,Bell,6037
LAKEVIEW ELEMENTARY,Joslyn Manufacturing & Supply Co.,0.6185378228213044,55422,MN,ROBBINSDALE,27053
Whiting High School,Federated Metals Corp Whiting,0.6186108625351971,46394,IN,Whiting,18089
Clare Primary School,Clare Water Supply,0.6197009830043733,48617,MI,CLARE,26035
San Miguel Elementary,"Advanced Micro Devices, Inc.",0.6197709055774839,94085,CA,Sunnyvale,6085
TRANSITION PLUS,Reilly Tar & Chemical Corp. (St. Louis Park Plant),0.6199447066082776,55426,MN,SAINT LOUIS PARK,27053
T-Plus Program,Reilly Tar & Chemical Corp. (St. Louis Park Plant),0.6199447066082776,55426,MN,SAINT LOUIS PARK,27053
Martin Murphy Middle,Fairchild Semiconductor Corp. (South San Jose Plant),0.6199971269869041,95139,CA,San Jose,6085
Cabarrus Early College of Technology,Bypass 601 Ground Water Contamination,0.6201667728146213,28027,NC,Concord,37025
Casimir Pulaski School No. 8,Garfield Ground Water Contamination,0.6203593184010417,7055,NJ,Passaic,34031
Casimir Pulaski School No. 8,Garfield Ground Water Contamination,0.6203593184010417,7055,NJ,Passaic,34031
ROSS EL,North Cavalcade Street,0.6207592565859916,77026,TX,HOUSTON,48201
River Bluff Middle,Stoughton City Landfill,0.621211011088624,53589,WI,Stoughton,55025
International Studies Lrng Center at Legacy High Sch Complex,Jervis B. Webb Co.,0.6218208549859482,90280,CA,South Gate,6037
Sci Tech Engr Arts and Math at Legacy High Sch Complex,Jervis B. Webb Co.,0.6218208549859482,90280,CA,South Gate,6037
Visual and Performing Arts at Legacy High School Complex,Jervis B. Webb Co.,0.6218208549859482,90280,CA,South Gate,6037
Jefferson Lincoln Elementary,Centralia Municipal Landfill,0.6218495895331028,98531,WA,Centralia,53041
Rogers STEM Academy,Silresim Chemical Corp.,0.622020623016811,1852,MA,Lowell,25017
CAREER ENRICHMENT,Fruit Avenue Plume,0.6228202472452998,87102,NM,ALBUQUERQUE,35001
EARLY COLLEGE ACADEMY,Fruit Avenue Plume,0.6228202472452998,87102,NM,ALBUQUERQUE,35001
Walnut Street School,Des Moines TCE,0.622838430206001,50309,IA,Des Moines,19153
Woodrow Wilson School,Scovill Industrial Landfill,0.6238218893742286,6704,CT,Waterbury,9140
Henry J Kaiser Elementary School,Ravenswood PCE Ground Water Plume,0.6238221601517989,26164,WV,Ravenswood,54035
KINGSTON HIGH,Washington County Lead District - Old Mines,0.6239022953460011,63630,MO,CADET,29221
KINGSTON ELEM.,Washington County Lead District - Old Mines,0.6239022953460011,63630,MO,CADET,29221
KINGSTON MIDDLE,Washington County Lead District - Old Mines,0.6239022953460011,63630,MO,CADET,29221
KINGSTON PRIMARY,Washington County Lead District - Old Mines,0.6239022953460011,63630,MO,CADET,29221
HENDERSON N EL,"Many Diversified Interests, Inc.",0.6242453956699481,77020,TX,HOUSTON,48201
Wilson Middle,"N.W. Mauthe Co., Inc.",0.6247721720677223,54914,WI,Appleton,55087
MISSOURI AVE ELEMENTARY,Lea and West Second Street,0.6248205463961009,88203,NM,ROSWELL,35005
Byrd Avenue Primary School,Colonial Creosote,0.6248528042683551,70427,LA,Bogalusa,22117
Atlantic Middle School,PCE Former Dry Cleaner,0.624902854579189,50022,IA,Atlantic,19029
ANDERSON EL,Conroe Creosoting Company,0.6251913269075619,77301,TX,CONROE,48339
George Washington Academy School No. 1,Chemical Control,0.6254990842396567,7206,NJ,ELIZABETH,34039
Lincoln El Sch,"Rodale Manufacturing Co., Inc.",0.6255228586663405,18049,PA,Emmaus,42077
JEAN C FEW PRI,Hart Creosoting Company,0.6256576435280615,75951,TX,JASPER,48241
Parkview Jr High School,Indian Refinery-Texaco Lawrenceville,0.6258727836919713,62439,IL,Lawrenceville,17101
Cherry Park Elementary School of Language Immersion,Rock Hill Chemical Co.,0.627479239572567,29730,SC,Rock Hill,45091
BRUCE EL,"Many Diversified Interests, Inc.",0.6277246003617114,77020,TX,HOUSTON,48201
Roebling Elementary School,Roebling Steel Co.,0.6286402180560557,8554,NJ,ROEBLING,34005
CALEDONIA-MUMFORD ELEMENTARY SCHOOL,"Jones Chemicals, Inc.",0.628781017068928,14423,NY,CALEDONIA,36051
CALEDONIA-MUMFORD MIDDLE/HIGH SCHOOL,"Jones Chemicals, Inc.",0.6291954124388439,14423,NY,CALEDONIA,36051
Washington Elementary School,Orange Valley Regional Ground Water Contamination,0.6297163907306961,7052,NJ,W ORANGE,34013
Early Learning Center,Kerr-McGee (Residential Areas),0.6298022576303564,60185,IL,West Chicago,17043
Old Mill Elementary School,White Swan Cleaners/Sun Cleaners Area Ground Water Contamination,0.629998988697148,8750,NJ,SEA GIRT,34025
Long Prairie-Grey Eagle Elementary,Long Prairie Ground Water Contamination,0.6305691456837835,56347,MN,LONG PRAIRIE,27153
Jerome Dunn Academy No 9,Chemical Control,0.631258019905999,7206,NJ,Elizabeth,34039
Lincoln School,Universal Oil Products (Chemical Division),0.6320902173673949,7073,NJ,East Rutherford,34003
Van Ness ES,Washington Navy Yard,0.632440813281395,20003,DC,Washington,11001
LOOSCAN EL,South Cavalcade Street,0.6324816693097218,77009,TX,HOUSTON,48201
Waynesboro Elementary,Mallory Capacitor Co.,0.6327785900356655,38485,TN,Waynesboro,47181
MOREAU ELEMENTARY SCHOOL,GE Moreau,0.6328488623165741,12803,NY,SOUTH GLENS FALLS,36091
John Avery Parker,New Bedford Site,0.6329084558622053,2740,MA,New Bedford,25005
Stockton High,McCormick & Baxter Creosoting Co.,0.6333949237627234,95202,CA,Stockton,6077
Step Up Virtual,"Chemical Commodities, Inc.",0.6334554832662296,66061,KS,Olathe,20091
Iola Middle School,Former United Zinc & Associated Smelters,0.6336980366950937,66749,KS,Iola,20001
Kings Mills Elementary School,Peters Cartridge Factory,0.6339956040592459,45034,OH,Kings Mills,39165
Pence Elementary,Fairfield Coal Gasification Plant,0.6340552769260317,52556,IA,Fairfield,19101
Alfred S. Faust Middle School,Universal Oil Products (Chemical Division),0.6341059338151547,7073,NJ,East Rutherford,34003
Lake Marie Elementary,"Waste Disposal, Inc.",0.6346472880611085,90605,CA,Whittier,6037
La Puente High,San Gabriel Valley (Area 4),0.6353513780354884,91744,CA,La Puente,6037
Woodrow Wilson School  #5,"Curcio Scrap Metal, Inc.",0.6354252246975983,7026,NJ,GARFIELD,34003
Aberdeen Elementary,Aberdeen Pesticide Dumps,0.6367282616725813,28315,NC,Aberdeen,37125
Jackson High School,Michner Plating - Mechanic Street,0.6367518779176284,49201,MI,JACKSON,26075
Morton Senior High School,MIDCO I,0.6372314382286782,46323,IN,Hammond,18089
PALM BAY ACADEMY CHARTER SCHOOL,Harris Corp. (Palm Bay Plant),0.6379632042793524,32905,FL,PALM BAY,12009
Delsea Regional High School,Pioneer Metal Finishing Inc,0.6380583277037101,8322,NJ,FRANKLINVILLE,34015
WESTCHASE NEIGHBORHOOD SCHOOL,Crystal Chemical Co.,0.638277176342115,77042,TX,HOUSTON,48201
Monte Vista Elementary,San Gabriel Valley (Area 2),0.6384795327385265,91790,CA,West Covina,6037
Milford Middle School,Fletcher's Paint Works & Storage,0.6392201312198379,3055,NH,Milford,33011
Southwest Middle,Davis Park Road TCE,0.6394647482331476,28052,NC,Gastonia,37071
Pleasantville High School,Price Landfill,0.6396262705378771,8232,NJ,PLEASANTVILLE,34001
Jackson Middle School,Vienna Tetrachloroethene,0.6399200957081806,26105,WV,Vienna,54107
LOCUST SCHOOL,Old Roosevelt Field Contaminated Ground Water Area,0.639991962673993,11530,NY,GARDEN CITY,36059
Anderson Elementary School,North Bronson Industrial Area,0.6401727283502192,49028,MI,BRONSON,26023
ITECH@THOMAS A EDISON EDUCATIONAL CENTER,Continental Cleaners,0.6406812022430116,33127,FL,MIAMI,12086
Martin Luther King Jr. Elementary,AMCO Chemical,0.6408500743438266,94607,CA,Oakland,6001
ORCHARD VILLA ELEMENTARY SCHOOL,Continental Cleaners,0.6409642153508326,33142,FL,MIAMI,12086
Early Learning Center,Kerr-McGee (Kress Creek/West Branch of DuPage River),0.6413045976890758,60185,IL,West Chicago,17043
Howard Connect Academy,Southside Chattanooga Lead,0.6413905818859357,37408,TN,Chattanooga,47065
BETZ ELEMENTARY SCHOOL,PCE - Carriage Cleaners,0.6415528099926846,68005,NE,BELLEVUE,31153
Waipahu High School,Pearl Harbor Naval Complex,0.6416508985944693,96797,HI,Waipahu,15003
Mann (Horace) Elementary,Orange County North Basin,0.6420453728457058,92801,CA,Anaheim,6059
Phantom Knight School of Opportunity,Better Brite Plating Chrome & Zinc Shops,0.6423959849185877,54115,WI,De Pere,55009
DILLARD 6-12,Wingate Road Municipal Incinerator Dump,0.6426013767999866,33311,FL,FORT LAUDERDALE,12011
Aspire Firestone Academy Charter,Cooper Drum Company,0.6426162732773132,90280,CA,South Gate,6037
Aspire Gateway Academy Charter,Cooper Drum Company,0.6426162732773132,90280,CA,South Gate,6037
Columbus Middle School,Mouat Industries,0.6430633740194105,59019,MT,Columbus,30095
CUSHING UPPER ES,Hudson Refinery,0.6435907188717112,74023,OK,Cushing,40119
UNION-ENDICOTT HIGH SCHOOL,Vestal Water Supply Well 1-1,0.6437167032221544,13760,NY,ENDICOTT,36007
Rock Creek Elementary School,Old Mill,0.6442928456297117,44084,OH,Rock Creek,39007
Indian Crest MS,North Penn - Area 1,0.6446704643278147,18964,PA,Souderton,42091
Hope Community Charter School,"Martin Aaron, Inc.",0.6461438103824446,8103,NJ,Camden,34007
Wilson Elementary School,Estech General Chemical Company,0.6469975325653474,60409,IL,Calumet City,17031
Gier Park School,"Motor Wheel, Inc.",0.647073833407179,48906,MI,LANSING,26065
Hawkins Street School,Diamond Alkali Co.,0.6478910472618257,7105,NJ,NEWARK,34013
Central Middle School,Dover Gas Light Co.,0.6479888671686062,19901,DE,Dover,10001
Sheboygan Leadership Academy,Sheboygan Harbor & River,0.6482286691466453,53081,WI,Sheboygan,55117
PS 196 TEN EYCK,Newtown Creek,0.6485707641887508,11206,NY,BROOKLYN,36047
MS 582,Newtown Creek,0.6485707641887508,11206,NY,BROOKLYN,36047
CENTRAL ISLIP SENIOR HIGH SCHOOL,"MacKenzie Chemical Works, Inc.",0.648746323561961,11722,NY,CENTRAL ISLIP,36103
Foundations Academy,Mather Air Force Base,0.6489457094774125,95655,CA,Mather,6067
Sacramento County ROP,Mather Air Force Base,0.6489457094774125,95826,CA,Sacramento,6067
Atlantic High School,PCE Former Dry Cleaner,0.6493225479434948,50022,IA,Atlantic,19029
Dayton Elementary School,Carson River Mercury Site,0.6494372146242483,89403,NV,Dayton,32019
Thomas Jefferson Middle School,Rockaway Borough Well Field,0.65101619566691,7866,NJ,ROCKAWAY,34027
W H BURNETT EL,Van der Horst USA Corporation,0.6513543925039564,75160,TX,TERRELL,48257
VIOLETA REYES PEREZ,Cidra Ground Water Contamination,0.6513777615443709,739,PR,CIDRA,72041
PALM BAY ELEMENTARY SCHOOL,Harris Corp. (Palm Bay Plant),0.6518419324107764,32905,FL,PALM BAY,12009
Ellis Elementary,Westinghouse Electric Corp. (Sunnyvale Plant),0.6520788430876575,94086,CA,Sunnyvale,6085
Aspire Gateway Academy Charter,Jervis B. Webb Co.,0.6521400455533817,90280,CA,South Gate,6037
Aspire Firestone Academy Charter,Jervis B. Webb Co.,0.6521400455533817,90280,CA,South Gate,6037
PERHAM AREA LEARNING CENTER,Perham Arsenic Site,0.652228742055229,56573,MN,PERHAM,27111
PERHAM SENIOR HIGH,Perham Arsenic Site,0.652228742055229,56573,MN,PERHAM,27111
LADISLAO MARTINEZ,Vega Alta Public Supply Wells,0.6524146826184285,692,PR,VEGA ALTA,72143
HEWLETT ELEMENTARY SCHOOL,Peninsula Boulevard Ground Water Plume,0.6531014673885351,11557,NY,HEWLETT,36059
Liberty High School,PJP Landfill,0.6531692981835151,7306,NJ,JERSEY CITY,34017
Luther Burbank Middle,San Fernando Valley (Area 1),0.6534386773791784,91505,CA,Burbank,6037
Takoda Prep Extended,South Minneapolis Residential Soil Contamination,0.6539747031538928,55404,MN,MINNEAPOLIS,27053
Takoda Prep,South Minneapolis Residential Soil Contamination,0.6539747031538928,55404,MN,MINNEAPOLIS,27053
MICKEY LELAND COLLEGE PREP ACAD FOR YOUNG MEN,"Many Diversified Interests, Inc.",0.6545130664262626,77020,TX,HOUSTON,48201
Barron Park Elementary,Hewlett-Packard (620-640 Page Mill Road),0.6545707829326377,94306,CA,Palo Alto,6085
GLENWOOD LANDING ELEMENTARY SCHOOL,Applied Environmental Services,0.6556258792599992,11545,NY,GLEN HEAD,36059
Maria Varisco Rogers Charter School,Riverside Industrial Park,0.6558621354437685,7104,NJ,NEWARK,34013
PS 29 JOHN M HARRIGAN,Gowanus Canal,0.6562911806667268,11201,NY,BROOKLYN,36047
Richman Elementary,Orange County North Basin,0.6563976026562669,92832,CA,Fullerton,6059
SEWANHAKA HIGH SCHOOL,Genzale Plating Co.,0.6566941269540231,11001,NY,FLORAL PARK,36059
Ketcham ES,Washington Navy Yard,0.6573687694295278,20020,DC,Washington,11001
ST. LOUIS PARK SPECIAL ED. PROGRAM,Reilly Tar & Chemical Corp. (St. Louis Park Plant),0.6577851174982102,55416,MN,SAINT LOUIS PARK,27053
Heywood Elementary School,West Troy Contaminated Aquifer,0.6580030760664514,45373,OH,Troy,39109
Frankie Woods McCullough Academy,Lake Sandy Jo (M&M Landfill),0.6582676837963205,46407,IN,Gary,18089
St Louis High School,Velsicol Chemical Corp.(Michigan),0.658815053396661,48880,MI,SAINT LOUIS,26057
Booker T. Washington Elementary School,Dover Gas Light Co.,0.6589361792221066,19904,DE,Dover,10001
ALTERNATIVES FOR SUCCESS SCH,Iowa-Nebraska Light & Power Co,0.6590302038887698,68701,NE,NORFOLK,31119
El Dorado High,Pester Refinery Co.,0.6598216124105714,67042,KS,El Dorado,20015
SASD 4K,Stoughton City Landfill,0.6605027971270493,53589,WI,Stoughton,55025
Edison Middle School,U.S. Radium Corp.,0.6607474073911987,7052,NJ,W ORANGE,34013
Read (George) Middle School,East Basin Road Groundwater,0.6611141666523211,19720,DE,New Castle,10003
J N ERVIN EL,"Lane Plating Works, Inc.",0.6613749041115918,75241,TX,DALLAS,48113
CROSSROADS ELEMENTARY SCHOOL,"Chemfax, Inc.",0.6619171825902243,39503,MS,Gulfport,28047
Shoreline Elementary School,Muskegon Chemical Co.,0.6620339489108185,49461,MI,WHITEHALL,26121
Bracher Elementary,Intel Magnetics,0.6620951589264693,95051,CA,Santa Clara,6085
HOWARD W. BISHOP MIDDLE SCHOOL,Cabot/Koppers,0.6627328774082476,32609,FL,GAINESVILLE,12001
John Ball Park Zoo School,Butterworth #2 Landfill,0.6628402670035413,49504,MI,GRAND RAPIDS,26081
John R. Wooden Middle School,Pike and Mulberry Streets PCE Plume,0.6631190586278634,46151,IN,Martinsville,18109
Beyer Early Childhood Center,"Interstate Pollution Control, Inc.",0.663236024337411,61104,IL,Rockford,17201
Roosevelt K-8 School,Lower Neponset River,0.6632619170021042,2136,MA,Hyde Park,25025
Cedar Fork Elementary,"Koppers Co., Inc. (Morrisville Plant)",0.6632969146414924,27560,NC,Morrisville,37183
East Orange Community Charter School,U.S. Radium Corp.,0.6635459389926945,7017,NJ,EAST ORANGE,34013
Wyeka Vista Community Day School,J.H. Baxter & Co.,0.6637254809208618,96094,CA,Weed,6093
Waynesville Middle,"Benfield Industries, Inc.",0.6645828067958545,28786,NC,Waynesville,37087
Johnnie L. Cochran Jr. Academy,Orange Valley Regional Ground Water Contamination,0.6645873309642263,7017,NJ,EAST ORANGE,34013
Robert Treat Academy Charter School,Riverside Industrial Park,0.6649391085607308,7104,NJ,NEWARK,34013
TC Holbrook Elementary School,"Parsons Chemical Works, Inc.",0.6650215100535831,48837,MI,GRAND LEDGE,26045
The Dalles Middle School,Union Pacific Railroad Co. Tie-Treating Plant,0.6651602497917888,97058,OR,The Dalles,41065
South Dover Elementary School,Dover Gas Light Co.,0.6653581857847702,19901,DE,Dover,10001
Richey Elementary School,"E.I. du Pont de Nemours & Co., Inc. (Newport Pigment Plant Landfill)",0.6654596098891145,19804,DE,Wilmington,10003
NORTH ANDREWS GARDENS ELEMENTARY SCHOOL,Hollingsworth Solderless Terminal,0.6654934366204744,33334,FL,OAKLAND PARK,12011
Columbus High School,Mouat Industries,0.6657389864654176,59019,MT,Columbus,30095
WOODWARD PARKWAY ELEMENTARY SCHOOL,Liberty Industrial Finishing,0.6662165904490708,11735,NY,FARMINGDALE,36059
AUREA E. QUILES CLAUDIO,Ochoa Fertilizer Co,0.6669229056069573,653,PR,GUANICA,72055
Channing Elementary School,Lower Neponset River,0.6670150504271599,2136,MA,Hyde Park,25025
Jackson Pathways,Michner Plating - Mechanic Street,0.6671334971168983,49201,MI,JACKSON,26075
Dorothy Hains Elementary School,Peach Orchard Road PCE Ground Water Plume,0.6678169888270492,30906,GA,Augusta,13245
AMY BIEHL CHARTER HIGH SCHOOL,Fruit Avenue Plume,0.6682279178614479,87102,NM,ALBUQUERQUE,35001
Parsons Elementary School,DSC McLouth Steel Gibraltar Plant,0.6688243643992785,48173,MI,ROCKWOOD,26163
W E HOOVER EL,Sandy Beach Road Ground Water Plume,0.6691808822784132,76020,TX,AZLE,48439
Roosevelt High School,McCormick & Baxter Creosoting Co. (Portland Plant),0.6694269773807026,97203,OR,Portland,41051
CARMEN ARZUAGA DE RIVERA,Juncos Landfill,0.6695854648569811,777,PR,JUNCOS,72077
Lincoln Elementary,United Heckathorn Co.,0.6697370573562513,94801,CA,Richmond,6013
Santa Clara Community Day,Intersil Inc./Siemens Components,0.6698602247997087,95051,CA,Santa Clara,6085
Camden Prep Inc.,"Martin Aaron, Inc.",0.6705558903964216,8104,NJ,Camden,34007
North Wales El Sch,North Penn - Area 7,0.6709657342970825,19454,PA,North Wales,42091
Maude Trevvett Elementary,"Rentokil, Inc. (Virginia Wood Preserving Division)",0.6712130799212909,23228,VA,Richmond,51087
Somersworth Middle School,Somersworth Sanitary Landfill,0.6714568898354308,3878,NH,Somersworth,33017
Pioneer Elementary,Frontier Fertilizer,0.6719861453252434,95616,CA,Davis,6113
ANTONIO VELEZ ALVARADO,Pesticide Warehouse III,0.6719954668538323,674,PR,MANATI,72091
DESIGN WORKS,Gowanus Canal,0.672043111404286,11201,NY,BROOKLYN,36047
Newark School of Fashion & Design,Riverside Industrial Park,0.6720481737828462,7104,NJ,Newark,34013
MS 51 WILLIAM ALEXANDER,Gowanus Canal,0.6721524643093724,11215,NY,BROOKLYN,36047
Caroline L. Reutter School,Pioneer Metal Finishing Inc,0.672540267398236,8322,NJ,FRANKLINVILLE,34015
ALL CITY LEADERSHIP SECONDARY SCHOOL,Wolff-Alport Chemical Company,0.6729173908441543,11237,NY,BROOKLYN,36047
Kearny High School,Riverside Industrial Park,0.6730230426489545,7032,NJ,KEARNY,34017
Sierra High,Pacific Coast Pipe Lines,0.6737492453665236,93015,CA,Fillmore,6111
Seven Generations CS,"Rodale Manufacturing Co., Inc.",0.6739565283861886,18049,PA,Emmaus,42077
BRIGHTVIEW PREPARATORY ACADEMY,Miami Drum Services,0.6740334172912517,33010,FL,HIALEAH,12086
Hohokam Elementary School,Indian Bend Wash Area,0.6741555029264557,85257,AZ,SCOTTSDALE,4013
Denver Center for International Studies,Denver Radium Site,0.6744773721721106,80204,CO,DENVER,8031
William Pittaway Elementary,Nyanza Chemical Waste Dump,0.6746812507597776,1721,MA,Ashland,25017
Somersworth High School,Somersworth Sanitary Landfill,0.6747116530470528,3878,NH,Somersworth,33017
Woods Cross School,Five Points PCE Plume,0.6756108728066806,84087,UT,WOODS CROSS,49011
Joyce Kilmer School,Fried Industries,0.6756780782258683,8850,NJ,Milltown,34023
Dawson-Bryant Middle School,Allied Chemical & Ironton Coke,0.6759598019218505,45638,OH,Coal Grove,39087
Dawson-Bryant High School,Allied Chemical & Ironton Coke,0.6759598019218505,45638,OH,Coal Grove,39087
Central Columbia SHS,Safety Light Corporation,0.675970208507323,17815,PA,Bloomsburg,42037
BANG EL,Jones Road Ground Water Plume,0.6769076228789472,77064,TX,HOUSTON,48201
ACHIEVEMENT FIRST NORTH BROOKLYN PREPARATORY CHARTER SCHOOL,Wolff-Alport Chemical Company,0.6771988503783702,11221,NY,BROOKLYN,36047
PS 377 ALEJANDRINA B DE GAUTIER,Wolff-Alport Chemical Company,0.6771988503783702,11221,NY,BROOKLYN,36047
Oakland High School,"Commencement Bay, South Tacoma Channel",0.6772939944338615,98409,WA,Tacoma,53053
PETRA CORRETJER DE O'NEILL,Pesticide Warehouse III,0.6775888820812623,674,PR,MANATI,72091
LORAH PARK ELEMENTARY SCHOOL,Airco Plating Co.,0.6778746274759653,33142,FL,MIAMI,12086
Etude High,Sheboygan Harbor & River,0.6784025572659999,53081,WI,Sheboygan,55117
EUGENE FIELD ELEMENTARY,Fruit Avenue Plume,0.6785088698094395,87102,NM,ALBUQUERQUE,35001
SCCP Images,General Electric Co. (Spokane Shop),0.6787991892527411,99217,WA,Spokane,53063
Escondido Elementary,Hewlett-Packard (620-640 Page Mill Road),0.6793471692007265,94305,CA,Stanford,6085
Emmaus HS,"Rodale Manufacturing Co., Inc.",0.6799335230740472,18049,PA,Emmaus,42077
JESSE KEEN ELEMENTARY SCHOOL,Landia Chemical Company,0.6805179016695112,33815,FL,LAKELAND,12105
Bryant Elementary,Alark Hard Chrome,0.6805706111788753,92501,CA,Riverside,6065
LEE AVENUE SCHOOL,Hooker Chemical & Plastics Corp./Ruco Polymer Corp.,0.6808072742688178,11801,NY,HICKSVILLE,36059
Fillmore Senior High,Pacific Coast Pipe Lines,0.6809490112666251,93015,CA,Fillmore,6111
Highlander Way Middle School,Shiawassee River,0.6811829270946941,48843,MI,HOWELL,26093
Mountain View Elementary,Kim-Stan Landfill,0.6816201488868469,24426,VA,Covington,51005
COVERT AVENUE SCHOOL,Genzale Plating Co.,0.6817371099911919,11003,NY,ELMONT,36059
PAUL LAURENCE DUNBAR EARLY EDUCATION CENTER,"Koppers Co., Inc. (Texarkana Plant)",0.6822667215117757,75501,TX,TEXARKANA,48037
Maxwell Academy (PK-8),San Gabriel Valley (Area 1),0.6824476691300396,91010,CA,Duarte,6037
Woodland Elementary School,Himco Dump,0.6832633268669552,46514,IN,Elkhart,18039
Coginchaug Regional High School,Durham Meadows,0.6833385756615692,6422,CT,Durham,9130
Naval Avenue Elementary School,Bremerton Gasworks,0.683389637466602,98312,WA,Bremerton,53035
W. C. Sullivan Middle,Rock Hill Chemical Co.,0.6836158452317023,29730,SC,Rock Hill,45091
Little Fort Elem School,Yeoman Creek Landfill,0.6839833910574552,60087,IL,Waukegan,17097
Parkside Elementary School,Indian Refinery-Texaco Lawrenceville,0.6847873307527711,62439,IL,Lawrenceville,17101
WALTER PANAS HIGH SCHOOL,Magna Metals,0.6847946163690602,10567,NY,CORTLANDT MANOR,36119
JUAN QUIRINDONGO MORELL,Vega Baja Solid Waste Disposal,0.6850404002135206,693,PR,VEGA BAJA,72145
Roberto Clemente Elementary School,Riverside Industrial Park,0.6855925992138683,7104,NJ,NEWARK,34013
Muhammad Ali School Number 23,Garfield Ground Water Contamination,0.6857071970683749,7055,NJ,Passaic,34031
Washington Elementary School,PCE Former Dry Cleaner,0.6862049711096668,50022,IA,Atlantic,19029
The Howard School,Southside Chattanooga Lead,0.6864285357611796,37408,TN,Chattanooga,47065
ALFONSO DIAZ LEBRON,Juncos Landfill,0.6867942270956194,777,PR,JUNCOS,72077
John Glenn Middle,Naval Weapons Industrial Reserve Plant,0.6869594022027623,1730,MA,Bedford,25017
YES PREP - NORTHSIDE,South Cavalcade Street,0.6870071915018205,77026,TX,HOUSTON,48201
SPRINGVIEW ELEMENTARY SCHOOL,Miami Drum Services,0.6872819314291024,33166,FL,MIAMI SPRINGS,12086
Concord Magnet School,Kellogg-Deering Well Field,0.687501737571748,6850,CT,Norwalk,9190
Ponus Ridge STEAM Academy,Kellogg-Deering Well Field,0.687501737571748,6850,CT,Norwalk,9190
Cumberland Regional School,Iceland Coin Laundry Area Ground Water Plume,0.6881839499045196,8360,NJ,VINELAND,34011
SULLIVAN SR. HIGH,Oak Grove Village Well,0.6886347887247947,63080,MO,SULLIVAN,29071
Princeton Elementary School,Ten-Mile Drain,0.6893127635267026,48081,MI,SAINT CLAIR SHORES,26099
FRANCISCO RAMOS SANCHEZ,"Papelera Puertorriquena, Inc.",0.6893852002784995,641,PR,UTUADO,72141
Pathway School of Discovery,North Sanitary Landfill,0.6894143087415684,45404,OH,Dayton,39113
Maywood Center for Enriched Studies,Pemaco Maywood,0.6894259278159571,90270,CA,Maywood,6037
Thomas Jefferson Elementary,Wausau Ground Water Contamination,0.6895084458278014,54401,WI,Wausau,55073
The Ethical Community Charter School,PJP Landfill,0.6898599067303001,7306,NJ,JERSEY CITY,34017
Woods Cross School,Bountiful/Woods Cross 5th South PCE Plume,0.6908958804070672,84087,UT,WOODS CROSS,49011
Haverford MS,Havertown PCP,0.6913802816449137,19083,PA,Havertown,42045
Chandler Elementary School,North 5th Street Groundwater Contamination,0.6921838423343185,46526,IN,Goshen,18039
Leroy Wood,Atlas Tack Corp.,0.6921874906434758,2719,MA,Fairhaven,25005
Locust Lane Elementary,"National Presto Industries, Inc.",0.6925949548943842,54703,WI,Eau Claire,55035
Brass Castle School,Pohatcong Valley Ground Water Contamination,0.6927446713503989,7882,NJ,WASHINGTON,34041
BRENTWOOD ELEMENTARY SCHOOL,Escambia Wood - Pensacola,0.6928114439644086,32505,FL,PENSACOLA,12033
Clare High School,Clare Water Supply,0.6931929719610398,48617,MI,CLARE,26035
Etta Gero School No. 9,Garfield Ground Water Contamination,0.6934365982295322,7055,NJ,Passaic,34031
THOMAS A EDISON HIGH SCHOOL,"Facet Enterprises, Inc.",0.6936496742515156,14903,NY,ELMIRA HEIGHTS,36015
Hawthorne School,Idaho Pole Co.,0.6944225882820803,59715,MT,Bozeman,30031
LINCOLN ELEMENTARY SCHOOL,West Highway 6 & Highway 281,0.694477617380418,68901,NE,HASTINGS,31001
Yadkin Early College,Holcomb Creosote Co,0.694851665935321,27055,NC,Yadkinville,37197
JAMES GARFIELD,Cabo Rojo Ground Water Contamination,0.6953461155605998,623,PR,CABO ROJO,72023
Mound Elementary School,Mound Plant (USDOE),0.6957952778700994,45342,OH,Miamisburg,39113
Michael Anderson Elementary School,Fairchild Air Force Base (4 Waste Areas),0.696025865437107,99011,WA,Fairchild AFB,53063
George D Warriner High School for Personalized Learning,Sheboygan Harbor & River,0.6962399923173638,53081,WI,Sheboygan,55117
George D Warriner Middle,Sheboygan Harbor & River,0.6962399923173638,53081,WI,Sheboygan,55117
Etude Middle,Sheboygan Harbor & River,0.6965530838606704,53081,WI,Sheboygan,55117
Dawson Elementary School,Rockwell International Corp. (Allegan Plant),0.6966677945080533,49010,MI,ALLEGAN,26005
Kyle Elementary School,East Troy Contaminated Aquifer,0.6973855134943031,45373,OH,Troy,39109
Workman Elementary,San Gabriel Valley (Area 4),0.6974210560760543,91744,CA,La Puente,6037
Georgetown Elementary School,Georgetown North Groundwater,0.6975065553805476,19947,DE,Georgetown,10005
Georgetown Middle School,Georgetown North Groundwater,0.6975065553805476,19947,DE,Georgetown,10005
EAGLES NEST CHARTER ACADEMY,Wingate Road Municipal Incinerator Dump,0.6982338983015279,33311,FL,LAUDERHILL,12011
Jose Antonio Vargas Elementary,Fairchild Semiconductor Corp. (Mountain View Plant),0.6994222643648504,94043,CA,Mountain View,6085
NYS DEPT OF CORRECTIONS PLACEMENT,"Mercury Refining, Inc.",0.7003323567451757,12226,NY,ALBANY,36001
Greenwood Elem School,Yeoman Creek Landfill,0.7004505895518358,60087,IL,Waukegan,17097
Waterbury Career Academy,Scovill Industrial Landfill,0.7011116705777123,6704,CT,Waterbury,9140
Stout Field Elementary School,Reilly Tar & Chemical Corp. (Indianapolis Plant),0.7011212708931212,46241,IN,Indianapolis,18097
Terence C. Reilly School No 7,Chemical Control,0.7032420803724159,7206,NJ,ELIZABETH,34039
Dual Immersion Academy,Portland Cement (Kiln Dust 2 & 3),0.7034806021312247,84104,UT,SALT LAKE CITY,49035
LEARN John  Kathy Schreiber Chrtr,Yeoman Creek Landfill,0.7035675645607503,60085,IL,Waukegan,17097
CANTON ELEMENTARY SCHOOL,Southeastern Wood Preserving,0.7046902623366059,39046,MS,Canton,28089
Central High,Sheboygan Harbor & River,0.7055505070561741,53081,WI,Sheboygan,55117
Weber Institute,McCormick & Baxter Creosoting Co.,0.7061742601317255,95203,CA,Stockton,6077
Lenape MS,Chem-Fab,0.7062174403019313,18901,PA,Doylestown,42017
ACTS,Arkla Terra Property,0.7069652667789624,33592,FL,THONOTOSASSA,12057
SWEENY ELEMENTARY,"Solid State Circuits, Inc.",0.706974582099653,65738,MO,REPUBLIC,29077
Keith Middle School,Sullivan's Ledge,0.7071596454674812,2740,MA,New Bedford,25005
Brody Middle School,Lot 46 Valley Gardens TCE,0.7076880601538011,50321,IA,Des Moines,19153
Plymouth Elementary,San Gabriel Valley (Area 1),0.7087315698768402,91016,CA,Monrovia,6037
Midland School #1,Maywood Chemical Co.,0.7088320602338499,7662,NJ,ROCHELLE PARK,34003
Kings High School,Peters Cartridge Factory,0.7089991443143902,45034,OH,Kings Mills,39165
Millcreek Jr High,Five Points PCE Plume,0.7090366996783827,84010,UT,BOUNTIFUL,49011
Allesandro Elementary,San Fernando Valley (Area 4),0.7091581094633345,90039,CA,Los Angeles,6037
River Ridge Elementary,Seattle Municipal Landfill (Kent Highlands),0.7092606209059434,98198,WA,SeaTac,53033
Colorado Sports Leadership Academy,Broderick Wood Products,0.7092733456024878,80221,CO,DENVER,8001
ZELLWOOD ELEMENTARY,Zellwood Ground Water Contamination,0.7096447265591448,32798,FL,ZELLWOOD,12095
JPS Montessori Center,Michner Plating - Mechanic Street,0.710036179209056,49202,MI,JACKSON,26075
STOLLEY PARK ELEM SCHOOL,Parkview Well,0.7103133832507301,68801,NE,GRAND ISLAND,31079
Lake Primary School,Industrial Excess Landfill,0.7104229954233159,44685,OH,Uniontown,39151
Clarendon School,Lower Hackensack River,0.7111947441309922,7094,NJ,SECAUCUS,34017
Washington Elementary School,Riverside Industrial Park,0.7113665021651617,7032,NJ,KEARNY,34017
NEW HAVEN ELEM.,Riverfront,0.7115330053758477,63068,MO,NEW HAVEN,29071
Olathe North Sr High,"Chemical Commodities, Inc.",0.7116120562638085,66061,KS,Olathe,20091
Aim Academy of Science & Technology,South Minneapolis Residential Soil Contamination,0.7132802155242005,55407,MN,MINNEAPOLIS,27053
Ellen Ochoa School Number 22,Garfield Ground Water Contamination,0.7135362809814958,7055,NJ,Passaic,34031
Bret Harte Elementary,San Fernando Valley (Area 1),0.7137627024566624,91505,CA,Burbank,6037
Washington Memorial Elementary School,Pohatcong Valley Ground Water Contamination,0.7138216088920797,7882,NJ,WASHINGTON,34041
Brighton Elementary,Peck Iron and Metal,0.7139608271601381,23704,VA,Portsmouth,51740
Sycamore Elementary School,Kokomo Contaminated Ground Water Plume,0.7141487369149421,46901,IN,Kokomo,18067
Centennial Place Academy (Charter),Westside Lead,0.7148112156457201,30313,GA,Atlanta,13121
McVey (Joseph M.) Elementary School,Newark South Ground Water Plume,0.7149665289556916,19713,DE,Newark,10003
Jackson Elementary,Argonaut Mine,0.7151133384696944,95642,CA,Jackson,6005
Buchanan High School,Electrovoice,0.715278067595106,49107,MI,BUCHANAN,26021
Buchanan Virtual Academy,Electrovoice,0.715278067595106,49107,MI,BUCHANAN,26021
Buchanan Step Up,Electrovoice,0.715278067595106,49107,MI,BUCHANAN,26021
Solis Park,El Toro Marine Corps Air Station,0.7154622388707154,92618,CA,Irvine,6059
RESILIENCE CHARTER SCHOOL INC,Cabot/Koppers,0.7154853338741776,32609,FL,GAINESVILLE,12001
South Point High School,South Point Plant,0.716052725952413,45680,OH,South Point,39087
Thomas Jefferson Middle School,Garfield Ground Water Contamination,0.7160799836908988,7644,NJ,LODI,34003
Humboldt Elementary School,Iron King Mine - Humboldt Smelter,0.7165648599394734,86327,AZ,Dewey-Humboldt,4025
Stony Brook Elementary School,Rockaway Borough Well Field,0.7171238200927371,7866,NJ,ROCKAWAY,34027
Naval Avenue Elementary School,Puget Sound Naval Shipyard Complex,0.7177233612507194,98312,WA,Bremerton,53035
Salem Avenue Elementary,Central Chemical (Hagerstown),0.7180537313437643,21740,MD,Hagerstown,24043
DUVAL REGIONAL JUVENILE DETENTION CENTER,Kerr-McGee Chemical Corp - Jacksonville,0.7181087421183577,32206,FL,JACKSONVILLE,12031
Champlain School,Pine Street Canal,0.7181806895468001,5401,VT,Burlington,50007
Payne ES,Washington Navy Yard,0.7183439988898411,20003,DC,Washington,11001
Colby Elem,Ace Services,0.7185465399474463,67701,KS,Colby,20193
Central Columbia MS,Safety Light Corporation,0.718599684853392,17815,PA,Bloomsburg,42037
MESILLA VALLEY LEADERSHIP ACADEMY,Griggs & Walnut Ground Water Plume,0.7187052461679728,88001,NM,MESILLA PARK,35013
Taunton Elementary School,Zschiegner Refining,0.7187436119387731,7731,NJ,HOWELL,34025
South Point Middle School,South Point Plant,0.719659008086951,45680,OH,South Point,39087
AMY at Martin,Franklin Slag Pile (MDC),0.71983760372891,19134,PA,Philadelphia,42101
Congress School,Sturgis Municipal Wells,0.719847076612442,49091,MI,STURGIS,26149
Lincoln Jr High School,Matthiessen and Hegeler Zinc Company,0.7199216152293828,61301,IL,La Salle,17099
LEEP (Life Enrichment Education Program),Northwest Pipe & Casing/Hall Process Co,0.7209031889109672,97015,OR,Clackamas,41005
Gettysburg Area HS,Hunterstown Road,0.7212793494324056,17325,PA,Gettysburg,42001
PS 34 OLIVER H PERRY,Meeker Avenue Plume,0.7213937199793728,11222,NY,BROOKLYN,36047
Campbell Elementary School,Kaydon Corp.,0.7219461413042313,49441,MI,MUSKEGON,26121
Penn (William) High School,East Basin Road Groundwater,0.7219590050059255,19720,DE,New Castle,10003
Madison Headstart,"Commencement Bay, South Tacoma Channel",0.7232997658459472,98409,WA,Tacoma,53053
Success Academy Primary School,Beck's Lake,0.7243221145875575,46628,IN,South Bend,18141
Scottsdale Online Learning,Indian Bend Wash Area,0.7254265290273136,85257,AZ,Scottsdale,4013
STEWART MANOR SCHOOL,Genzale Plating Co.,0.7261622611360463,11530,NY,STEWART MANOR,36059
Lincoln School Annex,Quanta Resources,0.7263981660934995,7022,NJ,FAIRVIEW,34003
Cherrydale Elementary,US Finishing/Cone Mills,0.7264054833630746,29609,SC,Greenville,45045
MATH ENGINEERING AND SCIENCE ACADEMY CHARTER HIGH SCHOOL,Wolff-Alport Chemical Company,0.7265110040131609,11221,NY,BROOKLYN,36047
JHS 291 ROLAND HAYES,Wolff-Alport Chemical Company,0.7265110040131609,11221,NY,BROOKLYN,36047
BUSHWICK COMMUNITY HIGH SCHOOL,Wolff-Alport Chemical Company,0.7265110040131609,11221,NY,BROOKLYN,36047
Ralph J. Bunche Continuation High,AMCO Chemical,0.7268363568117596,94607,CA,Oakland,6001
West Oakland Middle,AMCO Chemical,0.7268363568117596,94607,CA,Oakland,6001
Swansea Elementary School,Vasquez Boulevard and I-70,0.7269635815874531,80216,CO,DENVER,8031
R L BROWN GIFTED AND TALENTED ACADEMY,Kerr-McGee Chemical Corp - Jacksonville,0.7271076121980223,32206,FL,JACKSONVILLE,12031
Lawrence E. Boone ES,Washington Navy Yard,0.7272811721921623,20020,DC,Washington,11001
EDISON ES,Wilcox Oil Company,0.7285794771159921,74010,OK,Bristow,40037
ANGEL SANDIN MARTINEZ,Vega Baja Solid Waste Disposal,0.7289729037393283,693,PR,VEGA BAJA,72145
North Elem School,Outboard Marine Corp.,0.7292790585498778,60085,IL,Waukegan,17097
ALBUQUERQUE HIGH,Fruit Avenue Plume,0.729321054120291,87102,NM,ALBUQUERQUE,35001
Kenneth T Beagle Middle School,"Parsons Chemical Works, Inc.",0.7299367646488483,48837,MI,GRAND LEDGE,26045
Smalley Elementary School,Brook Industrial Park,0.7301770653731225,8805,NJ,Bound Brook,34035
Park Avenue Elementary,Jervis B. Webb Co.,0.7303926466257993,90201,CA,Cudahy,6037
Hammond Academy of Science & Tech,Estech General Chemical Company,0.7304545592577114,46320,IN,Hammond,18089
Lirio Montessori,South Minneapolis Residential Soil Contamination,0.7310395878687417,55407,MN,MINNEAPOLIS,27053
Valverde Elementary School,Denver Radium Site,0.731064923956701,80223,CO,DENVER,8031
Southdale Elementary School,"Sanitary Landfill Co. (Industrial Waste Disposal Co., Inc.)",0.7312758244728826,45409,OH,Kettering,39113
Venice Elem School,NL Industries/Taracorp Lead Smelter,0.7316294793583509,62040,IL,Granite City,17119
BROOKLYN PROSPECT CHARTER SCHOOL-CSD 13,Gowanus Canal,0.7318547916665349,11201,NY,BROOKLYN,36047
ELISHA M PEASE EL,"Lane Plating Works, Inc.",0.7321784553131366,75216,TX,DALLAS,48113
DC Prep PCS - Anacostia ES,Washington Navy Yard,0.7321897743676933,20020,DC,Washington,11001
Bryson Elementary,"Para-Chem Southern, Inc.",0.7324304624634072,29681,SC,Simpsonville,45045
Abraham Lincoln School Number 24,Garfield Ground Water Contamination,0.7327597706565421,7055,NJ,Passaic,34031
Mahatma Gandhi School Number 25,Garfield Ground Water Contamination,0.7332539279138213,7055,NJ,Passaic,34031
Glynn H. Brock Elementary School,Bayou Bonfouca,0.733508310709088,70458,LA,Slidell,22103
Gateway to College,Midway Landfill,0.7340308313772476,98198,WA,Des Moines,53033
Lincoln Elementary School,Shaw Avenue Dump,0.734165022551924,50616,IA,Charles City,19067
Stewart Elementary School,Bendix Corp./Allied Automotive,0.7344958205856161,49127,MI,STEVENSVILLE,26021
Whitney E. Houston Academy,Orange Valley Regional Ground Water Contamination,0.7347028363536549,7017,NJ,EAST ORANGE,34013
Essex Campus Academy,Caldwell Trucking Co.,0.7351693780064319,7004,NJ,FAIRFIELD,34013
Essex High School,Caldwell Trucking Co.,0.735321103495156,7004,NJ,Fairfield,34013
ROSWELL HIGH,McGaffey and Main Groundwater Plume,0.7358341923934881,88203,NM,ROSWELL,35005
Whittier High,Omega Chemical Corporation,0.7359123481663583,90601,CA,Whittier,6037
SCOTT LAKE ELEMENTARY SCHOOL,"Anodyne, Inc.",0.736348539337553,33169,FL,MIAMI,12086
Kings Junior High School,Peters Cartridge Factory,0.7365997859071244,45034,OH,Kings Mills,39165
MAURICE SENDAK COMMUNITY SCHOOL (THE),Gowanus Canal,0.7367444419894854,11215,NY,BROOKLYN,36047
Martin E Young Elementary,Baird & McGuire,0.7368421707885903,2368,MA,Randolph,25021
Goodrich Elementary,"Moss-American Co., Inc. (Kerr-McGee Oil Co.)",0.7372176070390835,53224,WI,Milwaukee,55079
Kalamazoo County Juvenile Home Youth Center School,"Allied Paper, Inc./Portage Creek/Kalamazoo River",0.7376347920749298,49048,MI,KALAMAZOO,26077
Youth Center School,"Allied Paper, Inc./Portage Creek/Kalamazoo River",0.7376347920749298,49048,MI,KALAMAZOO,26077
Riletta Twyne Cream Early Childhood Center,"Martin Aaron, Inc.",0.7388669513505084,8104,NJ,CAMDEN,34007
Sunnycrest Elementary School,Seattle Municipal Landfill (Kent Highlands),0.739041237396088,98032,WA,KENT,53033
West Hill El Sch,Westinghouse Electric Corp. (Sharon Plant),0.739259193527953,16146,PA,Sharon,42085
BIRTH TO TWO ECSE,MacGillis & Gibbs/Bell Lumber & Pole Co.,0.7394480724536389,55112,MN,NEW BRIGHTON,27123
Speech Program - Sp Ed Program,MacGillis & Gibbs/Bell Lumber & Pole Co.,0.7394480724536389,55112,MN,NEW BRIGHTON,27123
ECSE PROGRAM,MacGillis & Gibbs/Bell Lumber & Pole Co.,0.7394480724536389,55112,MN,NEW BRIGHTON,27123
JACKSON AVENUE SCHOOL,Fulton Avenue,0.7394666197172811,11501,NY,MINEOLA,36059
Fairhaven High,New Bedford Site,0.7394748096832959,2719,MA,Fairhaven,25005
Greenwood Academy,United Heckathorn Co.,0.7401337812918477,94801,CA,Richmond,6013
Morton Senior High School,Ninth Avenue Dump,0.7407604305996529,46323,IN,Hammond,18089
iPrep Academy School No 8,Chemical Control,0.7415293381335395,7206,NJ,Elizabeth,34039
EMERSON ELEMENTARY SCHOOL,10th Street Site,0.7418121696865688,68602,NE,COLUMBUS,31141
Indian Head Elementary School,Indian Head Naval Surface Warfare Center,0.742640046234163,20640,MD,Indian Head,24017
Ann Street School,Pierson's Creek,0.7433191017083903,7105,NJ,NEWARK,34013
LYON ELEMENTARY,"Solid State Circuits, Inc.",0.7444056565615331,65738,MO,REPUBLIC,29077
DR L G PINKSTON SR H S,RSR Corp.,0.7447502582628013,75212,TX,DALLAS,48113
Idlehurst Elementary School,Somersworth Sanitary Landfill,0.7448121034215734,3878,NH,Somersworth,33017
DR FREDERICK DOUGLASS TODD SR MIDDLE,"Lane Plating Works, Inc.",0.7450120824023243,75216,TX,DALLAS,48113
Thomas W. Hamilton Primary School,South Weymouth Naval Air Station,0.7454144637929094,2190,MA,South Weymouth,25021
Rio Vista Elementary,Pacific Coast Pipe Lines,0.7463221876089162,93016,CA,Fillmore,6111
Merrill Middle School,Railroad Avenue Groundwater Contamination,0.7467470043424629,50312,IA,Des Moines,19153
Youth Center School,"Auto Ion Chemicals, Inc.",0.7475481446081971,49048,MI,KALAMAZOO,26077
Kalamazoo County Juvenile Home Youth Center School,"Auto Ion Chemicals, Inc.",0.7475481446081971,49048,MI,KALAMAZOO,26077
Colby Middle School,Ace Services,0.7476718210517357,67701,KS,Colby,20193
KENLY ELEMENTARY SCHOOL,Stauffer Chemical Co (Tampa),0.7485348133264739,33619,FL,TAMPA,12057
Mancelona High School,Tar Lake,0.7485604943679433,49659,MI,MANCELONA,26009
Hajjar Elementary,Iron Horse Park,0.7486027348766454,1862,MA,Billerica,25017
Renaissance Arts Academy,San Fernando Valley (Area 4),0.7486038517766572,90065,CA,Los Angeles,6037
Academy for Mathematics Science and Engineering,Dover Municipal Well 4,0.7489094792967792,7866,NJ,ROCKAWAY,34027
Westwood Elementary,Better Brite Plating Chrome & Zinc Shops,0.748959780545412,54115,WI,De Pere,55009
Central Bucks HS-West,Chem-Fab,0.749581021637942,18901,PA,Doylestown,42017
Billings Sr High School,Billings PCE,0.7496220477888632,59101,MT,Billings,30111
MARIA LIBERTAD GOMEZ,"Papelera Puertorriquena, Inc.",0.7505997518666635,641,PR,UTUADO,72141
Boston Community Leadership Academy,Lower Neponset River,0.7511648127345456,2136,MA,Hyde Park,25025
New Mission High School,Lower Neponset River,0.7511648127345456,2136,MA,Hyde Park,25025
Sunset Lane Elementary,McColl,0.7512283404519883,92833,CA,Fullerton,6059
BRIGIDA ALVAREZ RODRIGUEZ,Vega Baja Solid Waste Disposal,0.7521206819941902,693,PR,VEGA BAJA,72145
Hermitage Elementary,Naval Amphibious Base Little Creek,0.7524269988637939,23455,VA,Virginia Beach,51810
JW Sexton High School,Adam's Plating,0.7532003867952768,48915,MI,LANSING,26065
BROOKLYN TECHNICAL HIGH SCHOOL,Gowanus Canal,0.753531796465049,11217,NY,BROOKLYN,36047
John F Kennedy Middle School,Wells G&H,0.7535373680826953,1801,MA,Woburn,25017
Morris Hills High School,Dover Municipal Well 4,0.7536300711003752,7866,NJ,ROCKAWAY,34027
ENCORE Academy,Agriculture Street Landfill,0.7540162113082687,70117,LA,New Orleans,22071
RIVERSIDE ELEMENTARY,Burlington Northern (Brainerd/Baxter Plant),0.7540939307402243,56401,MN,BRAINERD,27035
Gilpin Manor Elementary,Dwyer Property Ground Water Plume,0.7545037763792105,21921,MD,Elkton,24015
SIEMBRA LEADERSHIP HIGH SCHOOL,Fruit Avenue Plume,0.754663913276265,87102,NM,ALBUQUERQUE,35001
E M Crouthamel El Sch,North Penn - Area 1,0.7549786971433748,18964,PA,Souderton,42091
GCCS EARLY COLLEGE HIGH SCHOOL,Grants Chlorinated Solvents Plume,0.7550043889183792,87020,NM,GRANTS,35006
LONGFELLOW ELEMENTARY SCHOOL,Hastings Ground Water Contamination,0.7552073653502244,68901,NE,HASTINGS,31001
YES PREP - WEST,Crystal Chemical Co.,0.7552220650546068,77036,TX,HOUSTON,48201
Renaissance Alternative High School,Puget Sound Naval Shipyard Complex,0.7558600833936947,98312,WA,Bremerton,53035
Baldwin (Julia) Elementary,Fairchild Semiconductor Corp. (South San Jose Plant),0.7566074989986394,95119,CA,San Jose,6085
Bracher Elementary,"Synertek, Inc. (Building 1)",0.7570324748126451,95051,CA,Santa Clara,6085
Challenger Elementary,Kentwood Landfill,0.757355941449898,49508,MI,GRAND RAPIDS,26081
Doris Stahl Junior High,Hidden Valley Landfill (Thun Field),0.7576088663220815,98375,WA,Puyallup,53053
Hermitage High,"Rentokil, Inc. (Virginia Wood Preserving Division)",0.75884909136579,23228,VA,Richmond,51087
Advanced Career Education Center at Hermitage,"Rentokil, Inc. (Virginia Wood Preserving Division)",0.75884909136579,23228,VA,Richmond,51087
Delaware County Technical High School - Folcroft,Lower Darby Creek Area,0.759077825590114,19032,PA,Folcroft,42045
JOHN ERICSSON MIDDLE SCHOOL 126,Meeker Avenue Plume,0.7591362316054808,11222,NY,BROOKLYN,36047
NORTHSIDE CHARTER HIGH SCHOOL,Meeker Avenue Plume,0.7591362316054808,11222,NY,BROOKLYN,36047
LEW WALLACE ELEMENTARY,Fruit Avenue Plume,0.7601817248061705,87102,NM,ALBUQUERQUE,35001
Mason City Virtual Academy,Mason City Coal Gasification Plant,0.7603262433763481,50401,IA,Mason City,19033
STOKES BEARD ELEMENTARY SCHOOL,Kerr-McGee Chemical Corp - Columbus,0.7607364074754693,39701,MS,COLUMBUS,28087
Elliott Street Elementary School,Riverside Industrial Park,0.7613338021797067,7104,NJ,NEWARK,34013
Carrie Knause Early Childhood Learning Center,Velsicol Chemical Corp.(Michigan),0.7613736402778686,48880,MI,SAINT LOUIS,26057
Algonkian Elementary,Hidden Lane Landfill,0.7615108494211097,20165,VA,Sterling,51107
Helix Legal Academy,Capitol Lakes,0.76156241376698,70801,LA,Baton Rouge,22033
Helix Mentorship STEAM Academy,Capitol Lakes,0.76156241376698,70801,LA,Baton Rouge,22033
Adrian Wilcox High,Intel Magnetics,0.7617431406662026,95051,CA,Santa Clara,6085
BURLESON EL,Odessa Chromium #1,0.7622429057106852,79764,TX,ODESSA,48135
Wm Nashold Early Childhood Center,Southeast Rockford Ground Water Contamination,0.7625529505751398,61109,IL,Rockford,17201
Elkhart Area Career Center,Himco Dump,0.762898980964544,46514,IN,Elkhart,18039
LAKEVILLE ELEMENTARY SCHOOL,Stanton Cleaners Area Ground Water Contamination,0.7629633333462331,11020,NY,GREAT NECK,36059
Cradock Middle,St. Juliens Creek Annex (U.S. Navy),0.7635937165123602,23702,VA,Portsmouth,51740
DILLARD ELEMENTARY SCHOOL,Wingate Road Municipal Incinerator Dump,0.7639745894605403,33311,FL,FORT LAUDERDALE,12011
RICHWOODS ELEM.,Washington County Lead District - Richwoods,0.7645240634265631,63071,MO,RICHWOODS,29221
Rupert El Sch,Occidental Chemical Corp./Firestone Tire & Rubber Co.,0.7645747750390074,19464,PA,Pottstown,42091
ESD 113 Consortium Reengagement Program,Palermo Well Field Ground Water Contamination,0.7645870476579479,98512,WA,Tumwater,53067
El Carmelo Elementary,Hewlett-Packard (620-640 Page Mill Road),0.7646942920997217,94306,CA,Palo Alto,6085
Riverbank Charter School of Excellence,Roebling Steel Co.,0.7647980063735517,8554,NJ,Roebling,34005
North Elem School,Velsicol Chemical Corp. (Marshall Plant),0.764844879850722,62441,IL,Marshall,17023
NORTHPORT ELEMENTARY,Joslyn Manufacturing & Supply Co.,0.7652502626838119,55429,MN,BROOKLYN CENTER,27053
David Mindess,Nyanza Chemical Waste Dump,0.7656958996301001,1721,MA,Ashland,25017
Bryson Avenue Elementary,Cooper Drum Company,0.7658989687079801,90280,CA,South Gate,6037
Heritage Valley Independent Study,Pacific Coast Pipe Lines,0.7664392936022297,93015,CA,Fillmore,6111
Morgan Village Middle School,Welsbach & General Gas Mantle (Camden Radiation),0.7665831568050324,8104,NJ,Camden,34007
WHEATLEY H S,"Many Diversified Interests, Inc.",0.7670344972785799,77020,TX,HOUSTON,48201
Riletta Twyne Cream Early Childhood Center,Welsbach & General Gas Mantle (Camden Radiation),0.7673318948297805,8104,NJ,CAMDEN,34007
Portsmouth Middle School,Newport Naval Education/Training Center,0.7674071841929723,2871,RI,Portsmouth,44005
Milwood Magnet School,Michigan Disposal Service (Cork Street Landfill),0.768080694074413,49001,MI,KALAMAZOO,26077
Southeast Elementary School,Cherokee Zinc - Weir Smelter,0.7681568050618802,66781,KS,Weir,20021
Bunker Elementary,Kaydon Corp.,0.7683503225903776,49441,MI,MUSKEGON,26121
Bracher Elementary,Applied Materials,0.768426834467922,95051,CA,Santa Clara,6085
Clearview Elem School,Yeoman Creek Landfill,0.7687299043769686,60087,IL,Waukegan,17097
SECONDARY DAEP,"Many Diversified Interests, Inc.",0.7688053564398822,77020,TX,HOUSTON,48201
Greenwood Elementary School,Michigan Disposal Service (Cork Street Landfill),0.7692150933412336,49001,MI,KALAMAZOO,26077
Leman Middle School,Kerr-McGee (Kress Creek/West Branch of DuPage River),0.7692619382051575,60185,IL,West Chicago,17043
JEFFERSON ELEMENTARY SCHOOL,Iowa-Nebraska Light & Power Co,0.7695365612622483,68701,NE,NORFOLK,31119
Upper Moreland MS,Raymark,0.7696757629051469,19040,PA,Hatboro,42091
CAROLINE STREET ELEMENTARY SCHOOL,Niagara Mohawk Power Corp. (Saratoga Spings Plant),0.7696827140161373,12866,NY,SARATOGA SPRINGS,36091
Lyncrest Elementary School,Fair Lawn Well Field,0.7696937185802256,7410,NJ,FAIR LAWN,34003
Kennedy Academy,Beck's Lake,0.7697081669807515,46628,IN,South Bend,18141
Woodrow Wilson School  #5,Garfield Ground Water Contamination,0.7700309550882861,7026,NJ,GARFIELD,34003
BROOKLYN NEW SCHOOL-PS 146 (THE),Gowanus Canal,0.7706102768831795,11231,NY,BROOKLYN,36047
BROOKLYN COLLABORATIVE STUDIES,Gowanus Canal,0.7706102768831795,11231,NY,BROOKLYN,36047
Radley Elementary School,East Helena Site,0.7719112192025873,59635,MT,East Helena,30049
Northside El Sch,Navy Ships Parts Control Center,0.7720472339663254,17055,PA,Mechanicsburg,42041
Henry B. Wilson Family School,"Martin Aaron, Inc.",0.7721864147004405,8104,NJ,CAMDEN,34007
Garfield High School,"Curcio Scrap Metal, Inc.",0.7722813910805039,7026,NJ,GARFIELD,34003
FALKENBURG ROAD JAIL,Peak Oil Co./Bay Drum Co.,0.7725483358701364,33619,FL,TAMPA,12057
William Henry Middle School,Dover Gas Light Co.,0.7732819445235987,19904,DE,Dover,10001
Kent County Community School,Dover Gas Light Co.,0.7732819445235987,19904,DE,Dover,10001
HATTIESBURG HIGH SCHOOL,Hercules Inc,0.7735826544019613,39401,MS,HATTIESBURG,28035
Midway Star Academy,Koppers Coke,0.7735834849993785,55108,MN,SAINT PAUL,27123
Mary Kay McNeill ELC,H.O.D. Landfill,0.7736935631575474,60002,IL,Antioch,17097
Technology High School,Riverside Industrial Park,0.7738886828718691,7102,NJ,NEWARK,34013
Catawba Heights Elementary,North Belmont PCE,0.7739143864910336,28012,NC,Belmont,37071
Lincoln School,Quanta Resources,0.7757254514923453,7022,NJ,FAIRVIEW,34003
Minerva High School,"TRW, Inc. (Minerva Plant)",0.7766424509765338,44657,OH,Minerva,39151
Seward Elementary,South Minneapolis Residential Soil Contamination,0.7771449078087507,55406,MN,MINNEAPOLIS,27053
REPUBLIC MIDDLE,"Solid State Circuits, Inc.",0.7779915511084454,65738,MO,REPUBLIC,29077
MCKEEL ACADEMY OF TECHNOLOGY,Landia Chemical Company,0.7786610674115556,33815,FL,LAKELAND,12105
Parmenter,BJAT LLC,0.7788856609266793,2038,MA,Franklin,25021
NORTH DADE CENTER FOR MODERN LANGUAGES,"Anodyne, Inc.",0.779418143328055,33054,FL,MIAMI GARDENS,12086
NORTH DADE MIDDLE SCHOOL,"Anodyne, Inc.",0.779418143328055,33054,FL,MIAMI GARDENS,12086
Hazelton Elementary,McCormick & Baxter Creosoting Co.,0.7798134658221245,95206,CA,Stockton,6077
Adams County Technical Institute,Hunterstown Road,0.779992217322767,17325,PA,Gettysburg,42001
Ivanhoe Elementary,San Fernando Valley (Area 4),0.7800580686558187,90039,CA,Los Angeles,6037
Slidell High School,Bayou Bonfouca,0.7802983674752343,70458,LA,Slidell,22103
HOLLEY JUNIOR SENIOR HIGH SCHOOL,Diaz Chemical Corporation,0.7809381175551516,14470,NY,HOLLEY,36073
Whitehall Senior High School,Muskegon Chemical Co.,0.781074105342816,49461,MI,WHITEHALL,26121
Hillside Learning Center,Rockwell International Corp. (Allegan Plant),0.7814325523843889,49010,MI,ALLEGAN,26005
Berlin Elementary School,Chlor-Alkali Facility (Former),0.7814896726394231,3570,NH,Berlin,33007
QUEST COLLEGIATE ACADEMY - JASPER,Hart Creosoting Company,0.7820599902386677,75951,TX,JASPER,48241
STRATFORD AVENUE SCHOOL,Fulton Avenue,0.7822976347919601,11530,NY,GARDEN CITY,36059
Edmunds Middle School,Pine Street Canal,0.7825649823588664,5401,VT,Burlington,50007
Troy Junior High School,East Troy Contaminated Aquifer,0.7828310002971154,45373,OH,Troy,39109
LYNN MIDDLE,Griggs & Walnut Ground Water Plume,0.7829127867895821,88001,NM,LAS CRUCES,35013
PS 132 CONSELYEA SCHOOL (THE),Newtown Creek,0.7833316999768788,11211,NY,BROOKLYN,36047
CONSELYEA PREPARATORY SCHOOL,Newtown Creek,0.7833316999768788,11211,NY,BROOKLYN,36047
Kyle Elementary School,West Troy Contaminated Aquifer,0.7834855518700766,45373,OH,Troy,39109
Roosevelt Elementary School,Mason City Coal Gasification Plant,0.7836370328384685,50401,IA,Mason City,19033
New Foundations CS,Metal Banks,0.7839668439168865,19136,PA,Philadelphia,42101
Robert Elliott Alternative Education Center,Modesto Ground Water Contamination,0.7841000586173894,95350,CA,Modesto,6099
Bright Elem School,Acme Steel Coke Plant,0.7848050466684244,60617,IL,Chicago,17031
Highlands Elementary School,Pacific Car & Foundry Co.,0.7854944004496051,98056,WA,Renton,53033
PASADENA H S,US Oil Recovery,0.7861093078639433,77506,TX,PASADENA,48201
CHARLES A MULLIGAN ELEMENTARY SCHOOL,"MacKenzie Chemical Works, Inc.",0.7867601210337195,11722,NY,CENTRAL ISLIP,36103
Delcroft Sch,Lower Darby Creek Area,0.7868975894174367,19032,PA,Folcroft,42045
MTS PEASE ACADEMY,General Mills/Henkel Corp.,0.7870929050266513,55414,MN,MINNEAPOLIS,27053
Parkview Elementary School,Spartan Chemical Co.,0.787307609970235,49519,MI,WYOMING,26081
Indiana School For The Deaf,Keystone Corridor Ground Water Contamination,0.7875630116524981,46205,IN,Indianapolis,18097
BELLEVUE EAST SR HIGH SCHOOL,PCE - Carriage Cleaners,0.7875777380113087,68005,NE,BELLEVUE,31153
Garfield High School,Garfield Ground Water Contamination,0.7879147340286441,7026,NJ,GARFIELD,34003
Early Learning Center at Francis M. Day,Broderick Wood Products,0.787925323822675,80221,CO,DENVER,8001
Godwin Heights Senior High School,Chem Central,0.7885404101536956,49548,MI,GRAND RAPIDS,26081
Highlands SHS,Lindane Dump,0.7886531693804788,15065,PA,Natrona Heights,42003
River Valley Technical Center,Old Springfield Landfill,0.7888421469884704,5156,VT,Springfield,50027
Barnes Learning Center (Alc),Big John Salvage - Hoult Road,0.788980505774377,26554,WV,Fairmont,54049
ESCAMBIA VIRTUAL ACADEMY FRANCHISE,Escambia Wood - Pensacola,0.7892015858952798,32503,FL,PENSACOLA,12033
ESCAMBIA VIRTUAL INSTRUCTIONAL PROGRAM (DISTRICT PROVIDED),Escambia Wood - Pensacola,0.7892015858952798,32503,FL,PENSACOLA,12033
TAP PK BABIES,Escambia Wood - Pensacola,0.7892015858952798,32503,FL,PENSACOLA,12033
HOSPITAL & HOMEBOUND,Escambia Wood - Pensacola,0.7892015858952798,32503,FL,PENSACOLA,12033
COUNTY ADMINISTRATIVE ANNEX,Escambia Wood - Pensacola,0.7892015858952798,32503,FL,PENSACOLA,12033
ESCAMBIA VIRTUAL INSTRUCTION PROGRAM,Escambia Wood - Pensacola,0.7892015858952798,32503,FL,PENSACOLA,12033
ESCAMBIA SCH. DIST. JAIL PROG.,Escambia Wood - Pensacola,0.7892015858952798,32503,FL,PENSACOLA,12033
Crestwood Middle School,Kentwood Landfill,0.7892899806284256,49512,MI,GRAND RAPIDS,26081
LYONS COMMUNITY SCHOOL,Newtown Creek,0.7897644696127204,11206,NY,BROOKLYN,36047
WILLIAMSBURG HIGH SCHOOL OF ART AND TECHNOLOGY (THE),Newtown Creek,0.7897644696127204,11206,NY,BROOKLYN,36047
BROOKLYN LATIN SCHOOL (THE),Newtown Creek,0.7897644696127204,11206,NY,BROOKLYN,36047
ISANA Octavia Academy,San Fernando Valley (Area 4),0.7897863631995546,90065,CA,Los Angeles,6037
Upper Moreland El Sch,Fischer & Porter Co.,0.7900088297324825,19040,PA,Hatboro,42091
Andersen Middle,South Minneapolis Residential Soil Contamination,0.7900260028592924,55407,MN,MINNEAPOLIS,27053
ROCK ISLAND ELEMENTARY SCHOOL,Wingate Road Municipal Incinerator Dump,0.790493498089817,33311,FL,FORT LAUDERDALE,12011
Tommie F. Brown Academy,Southside Chattanooga Lead,0.7912175116263067,37403,TN,Chattanooga,47065
Mark Keppel Elementary,San Fernando Valley (Area 2),0.7912287704284219,91202,CA,Glendale,6037
TISD CHILD & ADOLESCENT SCHOOL,Van der Horst USA Corporation,0.7912732824748736,75160,TX,TERRELL,48257
West Broad Street El Sch,North Penn - Area 1,0.7924845661906533,18964,PA,Souderton,42091
COLBERT ELEMENTARY SCHOOL,Petroleum Products Corp.,0.7935967599937083,33020,FL,HOLLYWOOD,12011
Northern Middle,Central Chemical (Hagerstown),0.793742663913539,21742,MD,Hagerstown,24043
J. T. Reddick Elementary School,Marzone Inc./Chevron Chemical Co.,0.7938672825832043,31794,GA,Tifton,13277
Weed Elementary,J.H. Baxter & Co.,0.7942786769954079,96094,CA,Weed,6093
Saco Middle School,Saco Municipal Landfill,0.7946639739136911,4072,ME,Saco,23031
Yerba Buena High,Lorentz Barrel & Drum Co.,0.7947647472430789,95122,CA,San Jose,6085
Art Haycox Elementary,Halaco Engineering Company,0.7957743857142631,93033,CA,Oxnard,6111
Fairhaven High,Atlas Tack Corp.,0.7959267193410533,2719,MA,Fairhaven,25005
EARLY CHILDHOOD CENTER AT EDUCARE - KELLOM,Omaha Lead,0.7965205196587001,68102,NE,OMAHA,31055
William F. Halloran School No.22,Chemical Control,0.7965488453340603,7202,NJ,ELIZABETH,34039
Hawthorne School,Wasatch Chemical Co. (Lot 6),0.7966907210998874,84105,UT,SALT LAKE CITY,49035
Burbank Unified Independent Learning Academy (BUILA),San Fernando Valley (Area 1),0.7971907173159477,91505,CA,Burbank,6037
Watchung Elementary School,Middlesex Sampling Plant (USDOE),0.7976768060753977,8846,NJ,MIDDLESEX,34023
FRANCIS HOWELL HIGH,Weldon Spring Former Army Ordnance Works,0.7981240763240035,63304,MO,ST CHARLES,29183
Washington,Silresim Chemical Corp.,0.79891466805142,1851,MA,Lowell,25017
Hazelwood Elementary School,Quendall Terminals,0.7989675983031069,98056,WA,Newcastle,53033
Parkview  School,Fried Industries,0.7990007728974627,8850,NJ,MILLTOWN,34023
School of Leaders for PS Secondary,Koppers Coke,0.799008671922219,55102,MN,SAINT PAUL,27123
Irrawaddy Academy Elementary,Koppers Coke,0.799008671922219,55104,MN,SAINT PAUL,27123
Iola High School Virtual,Former United Zinc & Associated Smelters,0.799284627175404,66749,KS,Iola,20001
Iola Sr High,Former United Zinc & Associated Smelters,0.799284627175404,66749,KS,Iola,20001
Special Services,Puget Sound Naval Shipyard Complex,0.7992936965007171,98312,WA,Bremerton,53035
Child Family Center,Nascolite Corp.,0.799309344083508,8332,NJ,MILLVILLE,34011
Washington School,Utah Power & Light/American Barrel Co.,0.79952241873936,84103,UT,SALT LAKE CITY,49035
Katharine D Malone Elementary School,"Radiation Technology, Inc.",0.7998711960227904,7866,NJ,ROCKAWAY,34027
Frank Brouillet Elem,Hidden Valley Landfill (Thun Field),0.7999517352791823,98375,WA,Puyallup,53053
Hillcrest High,"Para-Chem Southern, Inc.",0.8004116393937458,29681,SC,Simpsonville,45045
Garfield Public Preschool 3 at Headstart,Garfield Ground Water Contamination,0.8006702556757191,7026,NJ,Garfield,34003
Orangedale Early Learning Center,"Motorola, Inc. (52nd Street Plant)",0.8006959261759065,85008,AZ,PHOENIX,4013
ABQ SIGN LANGUAGE ACADEMY,Fruit Avenue Plume,0.8008709718429132,87102,NM,ALBUQUERQUE,35001
COHEN MIDDLE SCHOOL,"Facet Enterprises, Inc.",0.801151757188816,14903,NY,ELMIRA HEIGHTS,36015
Audubon Elementary School,Peoples Natural Gas Co.,0.8015674141622324,52001,IA,Dubuque,19061
Shuksan Middle School,Oeser Co,0.8018212590039631,98225,WA,Bellingham,53073
Harmon Elementary School,Ten-Mile Drain,0.8024137512036115,48080,MI,SAINT CLAIR SHORES,26099
Lincoln Middle School,Riverside Industrial Park,0.8027035906074854,7032,NJ,KEARNY,34017
Martin Luther King Jr Elementary,FMC Corp. (Yakima),0.8032519954370759,98903,WA,Yakima,53077
Rocketship Alma Academy,Lorentz Barrel & Drum Co.,0.8033346662199781,95110,CA,San Jose,6085
Collierville Virtual Academy,"Walker Machine Products, Inc.",0.8033868733274278,38017,TN,Collierville,47157
Grant Elementary,Wausau Ground Water Contamination,0.8039909455267352,54401,WI,Wausau,55073
BEL AIRE ELEMENTARY SCHOOL,"Chemfax, Inc.",0.8045003735394849,39503,MS,Gulfport,28047
Lincoln School,Jacobsville Neighborhood Soil Contamination,0.8045873323074803,47713,IN,Evansville,18163
PS 94 DAVID D PORTER,Stanton Cleaners Area Ground Water Contamination,0.8054579502515343,11363,NY,LITTLE NECK,36081
COLLEGE PARK MIDDLE,Chevron Chemical Co. (Ortho Division),0.8056580957860419,32804,FL,ORLANDO,12095
Lehua Elementary School,Pearl Harbor Naval Complex,0.8064329720676169,96782,HI,Pearl City,15003
Aspire Firestone Academy Charter,Southern Avenue Industrial Area,0.8070154452472755,90280,CA,South Gate,6037
Aspire Gateway Academy Charter,Southern Avenue Industrial Area,0.8070154452472755,90280,CA,South Gate,6037
BEL AIR ELEMENTARY,MacGillis & Gibbs/Bell Lumber & Pole Co.,0.8070708200904206,55112,MN,NEW BRIGHTON,27123
Rousseau McClellan School 91,Keystone Corridor Ground Water Contamination,0.8073470968930253,46205,IN,Indianapolis,18097
KIPP PRIME COLLEGE PREPARATORY,Geneva Industries/Fuhrmann Energy,0.807685596186,77017,TX,HOUSTON,48201
KIPP CLIMB ACADEMY,Geneva Industries/Fuhrmann Energy,0.807685596186,77017,TX,HOUSTON,48201
Washington Elementary,Fairfield Coal Gasification Plant,0.8077139265601303,52556,IA,Fairfield,19101
Edmunds Elementary School,Pine Street Canal,0.80773244381474,5401,VT,Burlington,50007
Elkhart High School,Himco Dump,0.8080211497519422,46514,IN,Elkhart,18039
COHEN ELEMENTARY SCHOOL,"Facet Enterprises, Inc.",0.8080252299852297,14903,NY,ELMIRA HEIGHTS,36015
Edison Middle School,Orange Valley Regional Ground Water Contamination,0.808153091307433,7052,NJ,W ORANGE,34013
Theuerkauf Elementary,"CTS Printex, Inc.",0.8084413979126461,94043,CA,Mountain View,6085
Monta Loma Elementary,"CTS Printex, Inc.",0.8094696939119111,94043,CA,Mountain View,6085
KIPP Sunshine Peak Academy,Denver Radium Site,0.8096382645683108,80223,CO,DENVER,8031
Lakewood Elementary,"Advanced Micro Devices, Inc. (Building 915)",0.8096562906901161,94089,CA,Sunnyvale,6085
NORTH CENTRAL FLORIDA PUBLIC CHARTER SCHOOL,Cabot/Koppers,0.8096943289001667,32601,FL,GAINESVILLE,12001
ROSABELLE W. BLAKE ACADEMY,Landia Chemical Company,0.8097236099337402,33815,FL,LAKELAND,12105
Ridgeline High School,Greenacres Landfill,0.8107246657694471,99019,WA,Liberty Lake,53063
Christopher Columbus School No. 15,Chemical Control,0.8110467080974528,7202,NJ,ELIZABETH,34039
Hastings Middle,Atlas Tack Corp.,0.8116212931582868,2719,MA,Fairhaven,25005
Campus Community School,Dover Gas Light Co.,0.8121898978580121,19904,DE,Dover,10001
GLOBAL LEARNING ACADEMY,American Creosote Works (Pensacola Plant),0.8127159857614489,32505,FL,PENSACOLA,12033
Roosevelt School,Garfield Ground Water Contamination,0.8129455321492178,7644,NJ,LODI,34003
VALLEY VIEW ELEMENTARY,McGaffey and Main Groundwater Plume,0.8146534738404949,88203,NM,ROSWELL,35005
WASHINGTON ELEMENTARY MAGNET SCHOOL,"Trans Circuits, Inc.",0.8147597021410858,33404,FL,RIVIERA BEACH,12099
SOLVAY ELEMENTARY SCHOOL,Onondaga Lake,0.8153012676146898,13209,NY,SOLVAY,36067
Cookson Elementary School,East Troy Contaminated Aquifer,0.8159849855311131,45373,OH,Troy,39109
Patricia Beatty Elementary,Alark Hard Chrome,0.8162485380978118,92501,CA,Riverside,6065
JHS 162 WILLOUGHBY (THE),Newtown Creek,0.8165669590709189,11237,NY,BROOKLYN,36047
OGDEN ELEMENTARY SCHOOL,Peninsula Boulevard Ground Water Plume,0.8166208392670339,11581,NY,VALLEY STREAM,36059
Central Middle School,Kokomo Contaminated Ground Water Plume,0.8166639681325695,46901,IN,Kokomo,18067
Leadership Public Schools: Richmond,United Heckathorn Co.,0.8170705684104763,94801,CA,Richmond,6013
Le Mars High School,Highway 3 PCE,0.8170772705091005,51031,IA,Le Mars,19149
Serrano Elementary,March Air Force Base,0.8172241419198688,92553,CA,Moreno Valley,6065
NIAGARA FALLS HIGH SCHOOL,Forest Glen Mobile Home Subdivision,0.8175682563964072,14305,NY,NIAGARA FALLS,36063
Parkland HS,Novak Sanitary Landfill,0.8177856465345984,18104,PA,Allentown,42077
Johnnie L. Cochran Jr. Academy,U.S. Radium Corp.,0.8179032508734285,7017,NJ,EAST ORANGE,34013
Elizabeth Carter Brooks,Sullivan's Ledge,0.8179518198314535,2740,MA,New Bedford,25005
Early Learning Center,Yeoman Creek Landfill,0.8183718482820916,60085,IL,Waukegan,17097
Denver Online,Denver Radium Site,0.8196586468380196,80223,CO,DENVER,8031
Mathematics and Science Leadership Academy,Denver Radium Site,0.8196586468380196,80223,CO,DENVER,8031
KIPP Denver Collegiate High School,Denver Radium Site,0.8196586468380196,80223,CO,DENVER,8031
PS 299 THOMAS WARREN FIELD SCHOOL,Wolff-Alport Chemical Company,0.8198657069955235,11221,NY,BROOKLYN,36047
Raisbeck Aviation High School,Lower Duwamish Waterway,0.8199637348620347,98108,WA,Tukwila,53033
Jefferson School,Ionia City Landfill,0.8199853316564278,48846,MI,IONIA,26067
Michael Anderson,Phoenix-Goodyear Airport Area,0.8202501663338717,85323,AZ,AVONDALE,4013
Kent County Secondary ILC,Dover Gas Light Co.,0.8203598463204085,19904,DE,Dover,10001
SCPS EARLY LEARNING CENTER,Sanford Dry Cleaners,0.820695497678853,32771,FL,SANFORD,12117
Godwin Heights Learning Center,Chem Central,0.8209206264980528,49548,MI,GRAND RAPIDS,26081
EARL L VANDERMEULEN HIGH SCHOOL,"Lawrence Aviation Industries, Inc.",0.8209922232818555,11777,NY,PORT JEFFERSON,36103
Sespe,Pacific Coast Pipe Lines,0.8213101608216136,93015,CA,Fillmore,6111
Thomas Willett Elementary School,Walton & Lonsbury Inc.,0.8214407697909061,2703,MA,Attleboro,25005
Central Louisiana Supports and Services Center,Capitol Lakes,0.8216832707049219,71306,LA,Alexandria,22033
Woodland Intermediate School,Middlesex Sampling Plant (USDOE),0.8219058290590616,8846,NJ,Middlesex,34023
Von E. Mauger Middle School,Middlesex Sampling Plant (USDOE),0.8219058290590616,8846,NJ,MIDDLESEX,34023
Walnut Creek Campus,Railroad Avenue Groundwater Contamination,0.8220168447883357,50265,IA,West Des Moines,19153
Sgt Wm H Carney Academy,New Bedford Site,0.8221549424833313,2740,MA,New Bedford,25005
Four Rivers Career Center,Sporlan Valve Plant #1,0.822287019631077,63090,MO,Washington,29071
LINO PADRO RIVERA,Vega Baja Solid Waste Disposal,0.8228310198391379,693,PR,VEGA BAJA,72145
Parker Elementary School,Middlesex Sampling Plant (USDOE),0.8228958475555416,8846,NJ,MIDDLESEX,34023
STEVENSON MIDDLE,Geneva Industries/Fuhrmann Energy,0.8230544170503844,77017,TX,HOUSTON,48201
EVIT - Coronado High School,Indian Bend Wash Area,0.8236790911707654,85257,AZ,SCOTTSDALE,4013
Girls Athletic Leadership School Middle School,Denver Radium Site,0.823696717311089,80204,CO,DENVER,8031
Girls Athletic Leadership School High School,Denver Radium Site,0.823696717311089,80204,CO,DENVER,8031
NORWOOD AVENUE SCHOOL,"Lawrence Aviation Industries, Inc.",0.8237782399792604,11776,NY,PORT JEFFERSON STA,36103
Options for Youth San Gabriel,San Gabriel Valley (Area 3),0.8241095603892656,91776,CA,San Gabriel,6037
Anderson Crawford Elementary,Eielson Air Force Base,0.824556973041966,99702,AK,Eielson AFB,2090
Erial Elementary School,GEMS Landfill,0.8246398166814302,8081,NJ,SICKLERVILLE,34007
One City Elementary School,Madison Metropolitan Sewerage District Lagoons,0.8248492747473787,53713,WI,Madison,55025
One City Preparatory Academy,Madison Metropolitan Sewerage District Lagoons,0.8248492747473787,53713,WI,Madison,55025
Alderwood Elementary School,Oeser Co,0.8250616695703342,98225,WA,Bellingham,53073
Adak School,Adak Naval Air Station,0.8251555301042212,99546,AK,Adak,2016
Academy Of the Pacific Rim Charter Public School,Lower Neponset River,0.8254019505800313,2136,MA,Hyde Park,25025
WELLSVILLE SECONDARY SCHOOL,Sinclair Refinery,0.825533947785579,14895,NY,WELLSVILLE,36003
Sutter Elementary,Intersil Inc./Siemens Components,0.8256246353887385,95051,CA,Santa Clara,6085
JAMES H. BRIGHT ELEMENTARY/J.W. JOHNSON ELEMENTARY,Miami Drum Services,0.8258798014493184,33010,FL,HIALEAH,12086
Gravelly Lake K-12 Academy,Lakewood,0.8275032040964359,98499,WA,Lakewood,53053
CPSD Open Doors Program,Lakewood,0.8275032040964359,98499,WA,Lakewood,53053
Eugene M Nikkari Elementary,Gratiot County Landfill,0.8285004956453895,48880,MI,SAINT LOUIS,26057
BELLEAIRE ELEMENTARY SCHOOL,PCE - Carriage Cleaners,0.8288528552806527,68005,NE,BELLEVUE,31153
ESU 3 HEAD START - BELLEAIRE,PCE - Carriage Cleaners,0.8288528552806527,68005,NE,BELLEVUE,31153
Springfield High School,Old Springfield Landfill,0.8292663955431694,5156,VT,Springfield,50027
INLET GROVE COMMUNITY HIGH SCHOOL,"Trans Circuits, Inc.",0.8294095407449423,33404,FL,RIVIERA BEACH,12099
Jefferson Elementary,Brewer Gold Mine,0.8294910483070034,29718,SC,Jefferson,45025
MATTHEW W. GILBERT MIDDLE SCHOOL,Kerr-McGee Chemical Corp - Jacksonville,0.8303856451536495,32206,FL,JACKSONVILLE,12031
Kirby's Mill Elementary School,Ellis Property,0.830455612902986,8055,NJ,MEDFORD,34005
AQUILA ELEMENTARY,Reilly Tar & Chemical Corp. (St. Louis Park Plant),0.8311939607934454,55426,MN,SAINT LOUIS PARK,27053
Beardsley Elementary School,Main Street Well Field,0.8312308477789778,46514,IN,Elkhart,18039
St. Helena Elementary,Norfolk Naval Shipyard,0.8316047111297483,23523,VA,Norfolk,51710
Uintah School,700 South 1600 East PCE Plume,0.8322394347726628,84105,UT,SALT LAKE CITY,49035
Theodore Roosevelt School No. 10,Garfield Ground Water Contamination,0.8327555597515167,7055,NJ,Passaic,34031
SULLIVAN ELEMENTARY,South Minneapolis Residential Soil Contamination,0.832819697988594,55406,MN,MINNEAPOLIS,27053
Anishinabe Academy Elementary,South Minneapolis Residential Soil Contamination,0.832819697988594,55406,MN,MINNEAPOLIS,27053
Charles N Scott Middle School,MIDCO I,0.8332194421191776,46323,IN,Hammond,18089
Alpha: Cornerstone Academy Preparatory,Lorentz Barrel & Drum Co.,0.8336556404419171,95122,CA,San Jose,6085
Lincoln Elementary School,Chemical Insecticide Corp.,0.8342300945861496,8817,NJ,EDISON,34023
PORT JEFFERSON MIDDLE SCHOOL,"Lawrence Aviation Industries, Inc.",0.8350145815930897,11777,NY,PORT JEFFERSON,36103
Bell Gardens Elementary,Jervis B. Webb Co.,0.8351005361488932,90201,CA,Bell Gardens,6037
SANTO FORTE J H,Sandy Beach Road Ground Water Plume,0.8354005176354506,76020,TX,AZLE,48439
West De Pere Intermediate School,Better Brite Plating Chrome & Zinc Shops,0.835549456932868,54115,WI,De Pere,55009
WESTSIDE ELEMENTARY SCHOOL,Iowa-Nebraska Light & Power Co,0.835984769810578,68701,NE,NORFOLK,31119
PS 110 MONITOR (THE),Newtown Creek,0.8360115036090666,11222,NY,BROOKLYN,36047
Claremont School,Kane & Lombard Street Drums,0.8360517530089809,21205,MD,Baltimore,24510
PS 321 WILLIAM PENN,Gowanus Canal,0.8365533669328804,11215,NY,BROOKLYN,36047
AGAPITO ROSARIO ROSARIO,Vega Baja Solid Waste Disposal,0.8365601943258137,693,PR,VEGA BAJA,72145
Dwight D. Eisenhower Elementary,Intersil Inc./Siemens Components,0.837705673536003,95051,CA,Santa Clara,6085
Lafayette Early Childhood Center,Beck's Lake,0.837921846031725,46619,IN,South Bend,18141
Cradock Technical & Career Center,St. Juliens Creek Annex (U.S. Navy),0.8381516484769953,23702,VA,Portsmouth,51740
OLD BETHPAGE SCHOOL,Old Bethpage Landfill,0.8387646299421195,11804,NY,OLD BETHPAGE,36059
Forrest Edwin Sch,Metal Banks,0.8390220456473773,19136,PA,Philadelphia,42101
J. Harley Bonds Career Center,Elmore Waste Disposal,0.84006980076043,29650,SC,Greer,45045
Washington Irving Mid Sch Math Music and Engr Magnet,San Fernando Valley (Area 4),0.8411865814101205,90065,CA,Los Angeles,6037
Harrison High School,Diamond Head Oil Refinery Div.,0.8417017375688263,7029,NJ,HARRISON,34017
Avona El Sch,Industrial Lane,0.8420044379358432,18042,PA,Easton,42095
Whaling City Junior/Senior High School,New Bedford Site,0.8422180631645491,2740,MA,New Bedford,25005
Elder Creek Elementary,Sacramento Army Depot,0.8422407826631348,95824,CA,Sacramento,6067
Grandview Elementary School,Unimatic Manufacturing Corporation,0.842591732325538,7006,NJ,N CALDWELL,34013
Eugene M Nikkari Elementary,Velsicol Chemical Corp.(Michigan),0.8426239216884343,48880,MI,SAINT LOUIS,26057
Dumbarton Elementary,"Rentokil, Inc. (Virginia Wood Preserving Division)",0.8434880828721875,23228,VA,Richmond,51087
RIVERDALE COUNTRY DAY SCHOOL,Harris Corp. (Palm Bay Plant),0.8436988360657949,32905,FL,PALM BAY,12009
Lincoln Intermediate,Mason City Coal Gasification Plant,0.8437371421299612,50401,IA,Mason City,19033
Kratt Elementary,Industrial Waste Processing,0.8438338694815942,93704,CA,Fresno,6019
Edison Academy,"Auto Ion Chemicals, Inc.",0.8441293669525453,49001,MI,KALAMAZOO,26077
J. Christian Bollwage Finance Academy,Chemical Control,0.8444020498321599,7202,NJ,Elizabeth,34039
Davisville Middle School,Davisville Naval Construction Battalion Center,0.8448282447903913,2852,RI,North Kingstown,44009
Community School For Apprenticeship Learning,Capitol Lakes,0.8456450467606029,70802,LA,Baton Rouge,22033
Fairfield Middle School,Fairfield Coal Gasification Plant,0.845673922827672,52556,IA,Fairfield,19101
Central Haywood High,"Benfield Industries, Inc.",0.8459356896508691,28786,NC,Waynesville,37087
Glyndale Elementary School,Brunswick Wood Preserving,0.8466602200910767,31525,GA,Brunswick,13127
PS 88 SENECA,Wolff-Alport Chemical Company,0.8470345226921946,11385,NY,RIDGEWOOD,36081
Wilson Area Intermediate Sch,Industrial Lane,0.8473877028812364,18042,PA,Easton,42095
North Park Elementary,Newmark Ground Water Contamination,0.8488563800844372,92407,CA,San Bernardino,6071
Sonia Sotomayor School No 25,Chemical Control,0.8490062870635326,7206,NJ,ELIZABETH,34039
PS 116 ELIZABETH L FARRELL,Wolff-Alport Chemical Company,0.8490811100881737,11237,NY,BROOKLYN,36047
Maya Angelou PCS - Academy at DC Jail,Washington Navy Yard,0.8494847805280974,20003,DC,Washington,11001
DC Department of Corrections,Washington Navy Yard,0.8494847805280974,20003,DC,Washington,11001
Camp Allen Elementary,Norfolk Naval Base (Sewells Point Naval Complex),0.8497550167463598,23505,VA,Norfolk,51710
TS Nurnberger Middle School,Velsicol Chemical Corp.(Michigan),0.8500435286622312,48880,MI,SAINT LOUIS,26057
SOUTH VALLEY PREP,South Valley,0.8500786744292502,87102,NM,ALBUQUERQUE,35001
Boston Preparatory Charter Public School,Lower Neponset River,0.8500798335702027,2136,MA,Hyde Park,25025
Riverside Middle School,Billings PCE,0.8509341138669245,59101,MT,Billings,30111
Pearl City Elementary School,Pearl Harbor Naval Complex,0.8511472151433218,96782,HI,Pearl City,15003
Monticello School,Monticello Mill Tailings (USDOE),0.8511484669419146,84535,UT,MONTICELLO,49037
Ursa Minor Elementary,Fort Richardson (USARMY),0.8515651515851034,99505,AK,JBER,2020
CENTRAL HIGH SCHOOL,Omaha Lead,0.8520236758691452,68102,NE,OMAHA,31055
Carlstadt Public School,Ventron/Velsicol,0.8521051678257147,7072,NJ,CARLSTADT,34003
Ironbound Academy Elementary School,Pierson's Creek,0.8523762740035428,7105,NJ,Newark,34013
Carrie Knause Early Childhood Learning Center,Gratiot County Golf Course,0.8525474839936692,48880,MI,SAINT LOUIS,26057
WILLIAMSBURG CHARTER HIGH SCHOOL,Newtown Creek,0.8526318841619718,11206,NY,BROOKLYN,36047
PORT SALERNO LEARNING CENTER,Solitron Microwave,0.8526909711650718,34997,FL,STUART,12085
Dayton Intermediate School,Carson River Mercury Site,0.8531044744258578,89403,NV,Dayton,32019
CENTRAL HIGH,Missouri Electric Works,0.8532516703522417,63703,MO,CAPE GIRARDEAU,29031
Ashland Middle,Ashland/Northern States Power Lakefront,0.8534515420090957,54806,WI,Ashland,55003
HOSPITAL HOMEBOUND SERVICES,Wingate Road Municipal Incinerator Dump,0.8535088360600288,33311,FL,FT. LAUDERDALE,12011
Prekindergarten South,South Minneapolis Residential Soil Contamination,0.853637721053967,55406,MN,MINNEAPOLIS,27053
Longfellow Alternative High,South Minneapolis Residential Soil Contamination,0.853637721053967,55406,MN,MINNEAPOLIS,27053
Garfield Early Childhood Learning Center,"Curcio Scrap Metal, Inc.",0.8537571932656144,7026,NJ,GARFIELD,34003
Florence Crittenton High School,Denver Radium Site,0.853849647719333,80223,CO,DENVER,8031
Mount Vernon,"North Carolina State University (Lot 86, Farm Unit #1)",0.8540128211971733,27607,NC,Raleigh,37183
South Elementary School,Reilly Tar & Chemical Corp. (Dover Plant),0.8545112762051678,44622,OH,Dover,39157
FITZHUGH PARK ELEMENTARY SCHOOL,Pollution Abatement Services,0.8549720466105826,13126,NY,OSWEGO,36075
Miamisburg Middle School,Mound Plant (USDOE),0.8551170795438421,45342,OH,Miamisburg,39113
Eastern View High,"Culpeper Wood Preservers, Inc.",0.8564544163895,22701,VA,Culpeper,51047
Gwyn-Nor El Sch,North Penn - Area 7,0.856572399749938,19454,PA,North Wales,42091
MELROSE ELEMENTARY SCHOOL,Airco Plating Co.,0.8566695374989206,33142,FL,MIAMI,12086
ROBERT W CARBONARO SCHOOL,Peninsula Boulevard Ground Water Plume,0.8573325641514644,11581,NY,VALLEY STREAM,36059
CORONADO ELEMENTARY,Fruit Avenue Plume,0.857504394910295,87102,NM,ALBUQUERQUE,35001
John S Clark Elem School,Yeoman Creek Landfill,0.8575186328289567,60087,IL,Waukegan,17097
Riverside Middle School,"H. Brown Co., Inc.",0.8578519256664561,49505,MI,GRAND RAPIDS,26081
John Brainerd Elementary School,Landfill & Development Co.,0.859016814772035,8060,NJ,MOUNT HOLLY,34005
West Godwin Elementary School,Chem Central,0.8590566585305406,49509,MI,WYOMING,26081
Washington Elementary,United Heckathorn Co.,0.8590649972041873,94801,CA,Richmond,6013
RAINBOW PARK ELEMENTARY SCHOOL,"Anodyne, Inc.",0.8593958907786172,33054,FL,OPA LOCKA,12086
Armistead Gardens Elementary/Middle,Kane & Lombard Street Drums,0.8598277293326594,21205,MD,Baltimore,24510
WAPPINGERS JUNIOR HIGH SCHOOL,Wappinger Creek,0.8603522370986738,12590,NY,WAPPINGERS FALLS,36027
Columbia Middle,"Advanced Micro Devices, Inc. (Building 915)",0.8605137079292062,94085,CA,Sunnyvale,6085
Joseph Widmer Jr. Elementary,Sharpe Army Depot,0.8607770879855932,95330,CA,Lathrop,6077
Harrington Elementary School,Albion-Sheridan Township Landfill,0.8608483402642637,49224,MI,ALBION,26025
NANCY LOPEZ ELEMENTARY,McGaffey and Main Groundwater Plume,0.8612381149990797,88203,NM,ROSWELL,35005
Eleanor J. Toll Middle,San Fernando Valley (Area 2),0.8615845082153196,91202,CA,Glendale,6037
James Mastricola Elementary School,New Hampshire Plating Co.,0.8619709528655405,3054,NH,Merrimack,33011
John Fremont Elementary,Modesto Ground Water Contamination,0.862524512846431,95350,CA,Modesto,6099
PORT SALERNO ELEMENTARY SCHOOL,Solitron Microwave,0.8626929994276472,34997,FL,STUART,12085
COLLINS ES,Wilcox Oil Company,0.8633622991783105,74010,OK,Bristow,40037
Trailside Academy,Broderick Wood Products,0.8636403497445896,80221,CO,DENVER,8001
Fletcher Drive Elementary,San Fernando Valley (Area 4),0.8641460999215828,90065,CA,Los Angeles,6037
Jefferson Middle School,Ten-Mile Drain,0.8657211283915475,48081,MI,SAINT CLAIR SHORES,26099
Garfield Middle School,"Curcio Scrap Metal, Inc.",0.8659967200921238,7026,NJ,GARFIELD,34003
Longfellow Elementary,Sheboygan Harbor & River,0.866275478501391,53081,WI,Sheboygan,55117
Wall Intermediate School,"Waldick Aerospace Devices, Inc.",0.8662962261890069,7719,NJ,WALL,34025
Kendall College & Career Academy,Kellogg-Deering Well Field,0.8664188253898515,6850,CT,Norwalk,9190
OLD BETHPAGE SCHOOL,Claremont Polychemical,0.8664797539877948,11804,NY,OLD BETHPAGE,36059
MISSOURI AVE ELEMENTARY,McGaffey and Main Groundwater Plume,0.8665798948964996,88203,NM,ROSWELL,35005
Keystone Academy CS,Metal Banks,0.866598228205122,19135,PA,Philadelphia,42101
West De Pere Middle,Better Brite Plating Chrome & Zinc Shops,0.8676566331727849,54115,WI,De Pere,55009
Forest Elementary School,West Troy Contaminated Aquifer,0.8677251254638869,45373,OH,Troy,39109
Summit Public School: Denali,"Advanced Micro Devices, Inc. (Building 915)",0.8677967609115053,94089,CA,Sunnyvale,6085
South Davis Jr High,Five Points PCE Plume,0.8681577911618799,84010,UT,BOUNTIFUL,49011
Rocketship Mosaic Elementary,Lorentz Barrel & Drum Co.,0.8686262495208068,95122,CA,San Jose,6085
George Mayne Elementary,South Bay Asbestos Area,0.8686423733940326,95002,CA,Alviso,6085
WEST DALLAS J H,RSR Corp.,0.8687833857074606,75212,TX,DALLAS,48113
WEST DALLAS STEM SCHOOL,RSR Corp.,0.8687833857074606,75212,TX,DALLAS,48113
KELLOM ELEMENTARY SCHOOL,Omaha Lead,0.8695954652440291,68102,NE,OMAHA,31055
Robert F. Kennedy Elementary,Lorentz Barrel & Drum Co.,0.8697437836129267,95122,CA,San Jose,6085
Lowell Community Charter Public School,Silresim Chemical Corp.,0.8698682223641615,1854,MA,Lowell,25017
Secaucus Middle School,Lower Hackensack River,0.8700411810199439,7094,NJ,SECAUCUS,34017
Secaucus High School,Lower Hackensack River,0.8700411810199439,7094,NJ,SECAUCUS,34017
Lucille M. Nixon Elementary,Hewlett-Packard (620-640 Page Mill Road),0.8702286684350149,94305,CA,Stanford,6085
Pioneer Elem School,Kerr-McGee (Kress Creek/West Branch of DuPage River),0.8711047979444271,60185,IL,West Chicago,17043
Bogalusa High School,Colonial Creosote,0.8718848910530359,70427,LA,Bogalusa,22117
La Canada High,Jet Propulsion Laboratory (NASA),0.8719669666150027,91011,CA,La Canada,6037
Coronado High School,Indian Bend Wash Area,0.872246788442304,85257,AZ,SCOTTSDALE,4013
Griffith Elementary School,"Motorola, Inc. (52nd Street Plant)",0.8730005688431594,85008,AZ,PHOENIX,4013
Luis Valdez Leadership Academy,Lorentz Barrel & Drum Co.,0.8730370206633429,95122,CA,San Jose,6085
College Connection Academy,Lorentz Barrel & Drum Co.,0.8730370206633429,95122,CA,San Jose,6085
LEAP HS Summer,Koppers Coke,0.8730578247053441,55104,MN,SAINT PAUL,27123
RICK SCHNEIDER MIDDLE,Geneva Industries/Fuhrmann Energy,0.873149447282155,77075,TX,HOUSTON,48201
John Henry High,United Heckathorn Co.,0.8731606272716189,94804,CA,Richmond,6013
FOLSOM ELEMENTARY SCHOOL,Arkla Terra Property,0.8733012300585323,33592,FL,THONOTOSASSA,12057
Quibbletown Middle School,"Chemsol, Inc.",0.8734817849893814,8854,NJ,PISCATAWAY,34023
Mary Bethune Elementary Literature/Technology,Agriculture Street Landfill,0.8740905563393311,70122,LA,New Orleans,22071
Hillsboro High School,Eagle Zinc Co Div T L Diamond,0.8741687412532182,62049,IL,Hillsboro,17135
PAUL R. SMITH MIDDLE SCHOOL,Stauffer Chemical Co. (Tarpon Springs),0.8743148026911919,34691,FL,HOLIDAY,12101
Carlos Pacheco,Sullivan's Ledge,0.8743798394661803,2746,MA,New Bedford,25005
Compass Academy Charter School,Former Kil-Tone Company,0.8743979830692445,8360,NJ,Vineland,34011
The Woodstock Academy,Linemaster Switch Corp.,0.874434874182519,6281,CT,Woodstock,9150
Pickens High,"Sangamo Weston, Inc./Twelve-Mile Creek/Lake Hartwell PCB Contamination",0.8749418694229818,29671,SC,Pickens,45077
Oakcrest High School,D'Imperio Property,0.875376222624938,8330,NJ,MAYS LANDING,34001
Carver Elementary School,American Creosote DeRidder,0.8753811193442588,70634,LA,DeRidder,22011
HAMILTON ELEMENTARY SCHOOL,Sanford Dry Cleaners,0.8756604979992065,32771,FL,SANFORD,12117
EVIT - Scottsdale Vocational Center,Indian Bend Wash Area,0.8772023025487871,85257,AZ,SCOTTSDALE,4013
The Genius School,Keystone Corridor Ground Water Contamination,0.8775070971429266,46226,IN,Indianapolis,18097
GEO Next Generation Academy,Keystone Corridor Ground Water Contamination,0.8775070971429266,46226,IN,Indianapolis,18097
Mary Daly Elementary School,Lusher Street Ground Water Contamination,0.8775426392208073,46514,IN,Elkhart,18039
LAKE PARK ELEMENTARY SCHOOL,"Trans Circuits, Inc.",0.8780632609949952,33403,FL,LAKE PARK,12099
Puente Hills High,San Gabriel Valley (Area 4),0.8781416534354753,91746,CA,Hacienda Heights,6037
Goshen High School,North 5th Street Groundwater Contamination,0.8782271207059844,46526,IN,Goshen,18039
SOLVAY HIGH SCHOOL,Onondaga Lake,0.8782544790449116,13209,NY,SOLVAY,36067
Abraham Lincoln Elementary School,Estech General Chemical Company,0.8786826145472506,46327,IN,Hammond,18089
Washington School,"Curcio Scrap Metal, Inc.",0.8791782189541903,7663,NJ,Saddle Brook,34003
PS 18 EDWARD BUSH,Newtown Creek,0.8793564968816703,11206,NY,BROOKLYN,36047
Columbia Middle,"TRW Microwave, Inc. (Building 825)",0.8798114705288917,94085,CA,Sunnyvale,6085
Lodi High School,"Curcio Scrap Metal, Inc.",0.8808159579496257,7644,NJ,LODI,34003
Christopher Columbus School #8,"Curcio Scrap Metal, Inc.",0.8808436219105664,7026,NJ,GARFIELD,34003
The Excel Center,Memphis Defense Depot (DLA),0.8813620742959626,38106,TN,Memphis,47157
Renton Senior High School,Pacific Car & Foundry Co.,0.8815529442521115,98055,WA,Renton,53033
Fountaindale Elementary,Central Chemical (Hagerstown),0.8819568766951988,21742,MD,Hagerstown,24043
Cinnaminson High School,Cinnaminson Township (Block 702) Ground Water Contamination,0.8820177756494844,8077,NJ,CINNAMINSON,34005
BURNETT MIDDLE SCHOOL,Taylor Road Landfill,0.8825855953465864,33584,FL,SEFFNER,12057
Valley Community Day,San Gabriel Valley (Area 4),0.8826316127938556,91745,CA,Hacienda Heights,6037
Valley Alternative High (Continuation),San Gabriel Valley (Area 4),0.8826316127938556,91745,CA,Hacienda Heights,6037
COLLINS EL,Crystal Chemical Co.,0.882668091185022,77036,TX,HOUSTON,48201
AGUEDA JOHNSTON MIDDLE SCHOOL,Ordot Landfill,0.8827915103403425,96910,GU,ORDOT,66010
FREDERICKTOWN ELEM.,Madison County Mines,0.8828160435625027,63645,MO,FREDERICKTOWN,29123
BROWNSVILLE COLLEGIATE  CHARTER SCHOOL,Newtown Creek,0.883256542826726,11206,NY,BROOKLYN,36047
Shirakawa (George Sr.) Elementary,Lorentz Barrel & Drum Co.,0.8841079150987793,95112,CA,San Jose,6085
Hudson Arts and Science Charter School,Riverside Industrial Park,0.8842640239164109,7032,NJ,Kearny,34017
Vestaburg Community Alternative Education School  Wyoming,Chem Central,0.8845328882129619,49509,MI,WYOMING,26081
HARRY STONE MONTESSORI ACADEMY,"Lane Plating Works, Inc.",0.8845545169992058,75216,TX,DALLAS,48113
ACADEMIR MIDDLE SCHOOL OF MATH AND SCIENCE,Homestead Air Force Base,0.8848390100264111,33033,FL,HOMESTEAD,12086
ACADEMIR CHARTER SCHOOL OF MATH AND SCIENCE,Homestead Air Force Base,0.8848390100264111,33030,FL,HOMESTEAD,12086
Granite Technical Institute,Wasatch Chemical Co. (Lot 6),0.8848495014696783,84115,UT,SALT LAKE CITY,49035
Headstart Preschool Special Education,Wasatch Chemical Co. (Lot 6),0.8848495014696783,84115,UT,SALT LAKE CITY,49035
Granite Preschool,Wasatch Chemical Co. (Lot 6),0.8848495014696783,84115,UT,SALT LAKE CITY,49035
Southington High School,Solvents Recovery Service of New England,0.8851549242486827,6489,CT,Southington,9110
Cheston El Sch,Industrial Lane,0.8853109389486944,18042,PA,Easton,42095
Malcolm White,Wells G&H,0.8854037937052444,1801,MA,Woburn,25017
VALLEY STREAM SOUTH HIGH SCHOOL,Peninsula Boulevard Ground Water Plume,0.8859684225055948,11581,NY,VALLEY STREAM,36059
HOMESTEAD SCHOOL,Genzale Plating Co.,0.8859711490989445,11530,NY,GARDEN CITY,36059
ANDREW T MORROW SCHOOL,Islip Municipal Sanitary Landfill,0.8859816190032903,11749,NY,ISLANDIA,36103
Eleanor N Johnson Middle,Blackburn and Union Privileges,0.8860261394471816,2081,MA,Walpole,25021
East Side High School,Pierson's Creek,0.8878814345764777,7105,NJ,NEWARK,34013
Northside Elementary School,T.H. Agriculture & Nutrition Co. (Albany Plant),0.888104792870269,31701,GA,Albany,13095
PARK AVENUE SCHOOL,New Cassel/Hicksville Ground Water Contamination,0.8881859822817828,11590,NY,WESTBURY,36059
Van Deene Avenue Elementary,Montrose Chemical Corp.,0.8891033671354287,90502,CA,Torrance,6037
Appleton Technical Academy,"N.W. Mauthe Co., Inc.",0.8897103048249909,54914,WI,Appleton,55087
PS 123 SUYDAM,Newtown Creek,0.8897671206917781,11237,NY,BROOKLYN,36047
Sussex Academy,Georgetown North Groundwater,0.8903453352435919,19947,DE,Georgetown,10005
Bdote Learning Center,South Minneapolis Residential Soil Contamination,0.8904091746340649,55406,MN,MINNEAPOLIS,27053
BOULWARE SPRINGS CHARTER,Cabot/Koppers,0.8906853945987455,32609,FL,GAINESVILLE,12001
South Plainfield Middle School,"Cornell Dubilier Electronics, Inc.",0.8918549156248612,7080,NJ,SOUTH PLAINFIELD,34023
Bishop Elementary,"TRW Microwave, Inc. (Building 825)",0.8920004090367005,94085,CA,Sunnyvale,6085
Lee Montessori PCS - East End,Washington Navy Yard,0.8921118465127825,20020,DC,Washington,11001
Manasquan High School,White Swan Cleaners/Sun Cleaners Area Ground Water Contamination,0.8926422421430612,8736,NJ,Manasquan,34025
ROOSEVELT ELEMENTARY,Lehillier/Mankato Site,0.8927085710370506,56001,MN,MANKATO,27013
Kipp WAYS Primary Charter School,Westside Lead,0.8928722794208725,30314,GA,Atlanta,13121
KIPP WAYS Academy Charter School,Westside Lead,0.8928722794208725,30314,GA,Atlanta,13121
Therapeutic Education Collective (T,Oakdale Dump,0.8930885727830818,55128,MN,OAKDALE,27163
Mahatma K. Gandhi School,PJP Landfill,0.8931296026045545,7306,NJ,JERSEY CITY,34017
Foxview Intermediate,Better Brite Plating Chrome & Zinc Shops,0.8932575488718378,54115,WI,De Pere,55009
TAPP CHILDCARE CENTER,Sanford Dry Cleaners,0.8936415579001326,32771,FL,SANFORD,12117
TRAVIS INT,United Creosoting Co.,0.8937817230082848,77301,TX,CONROE,48339
Upper Moreland MS,Fischer & Porter Co.,0.8943622519475121,19040,PA,Hatboro,42091
Natick High,"Natick Laboratory Army Research, Development, and Engineering Center",0.8945099527066591,1760,MA,Natick,25017
IDEA JUDSON ACADEMY,"Eldorado Chemical Co., Inc.",0.8949885409991265,78233,TX,SAN ANTONIO,48029
IDEA JUDSON COLLEGE PREPARATORY,"Eldorado Chemical Co., Inc.",0.8949885409991265,78233,TX,SAN ANTONIO,48029
Venture Academy,Ogden Defense Depot (DLA),0.8951549536652359,84404,UT,MARRIOTT-SLATERVILLE CITY,49057
WARD MELVILLE SENIOR HIGH SCHOOL,"Lawrence Aviation Industries, Inc.",0.8956478698814807,11733,NY,EAST SETAUKET,36103
Washington High School,Beck's Lake,0.8960158716025203,46619,IN,South Bend,18141
Cerritos Elementary,San Fernando Valley (Area 4),0.8961535547600202,91205,CA,Glendale,6037
South Plainfield High School,"Cornell Dubilier Electronics, Inc.",0.8963835915405481,7080,NJ,SOUTH PLAINFIELD,34023
Le Mars Middle School,Highway 3 PCE,0.8965076698716998,51031,IA,Le Mars,19149
Fairfield High School,Fairfield Coal Gasification Plant,0.8967631462271402,52556,IA,Fairfield,19101
MARTINEZ C EL,South Cavalcade Street,0.8969244437881703,77009,TX,HOUSTON,48201
Cornell HS,Ohio River Park,0.897186515753374,15108,PA,Coraopolis,42003
Cornell El Sch,Ohio River Park,0.897186515753374,15108,PA,Coraopolis,42003
Brighton Elementary,Norfolk Naval Shipyard,0.8978239027649603,23704,VA,Portsmouth,51740
Excel Center - Hammond,MIDCO I,0.8988865244836073,46323,IN,Hammond,18089
Paramount School of Excellence South Bend,"Douglas Road/Uniroyal, Inc., Landfill",0.8990639392565355,46635,IN,South Bend,18141
ESCAMBIA JUVENILE DETENTION,Agrico Chemical Co.,0.8995066361531324,32501,FL,PENSACOLA,12033
GEORGE T. BAKER AVIATION TECHNICAL COLLEGE,Airco Plating Co.,0.8997945463909788,33142,FL,MIAMI,12086
Henry P. Becton Regional High School,Ventron/Velsicol,0.8998730784203486,7073,NJ,EAST RUTHERFORD,34003
PS 132 CONSELYEA SCHOOL (THE),Meeker Avenue Plume,0.9002575662736726,11211,NY,BROOKLYN,36047
CONSELYEA PREPARATORY SCHOOL,Meeker Avenue Plume,0.9002575662736726,11211,NY,BROOKLYN,36047
School 18,Fair Lawn Well Field,0.9003336572736153,7524,NJ,PATERSON,34031
Camden Prep Inc.,Welsbach & General Gas Mantle (Camden Radiation),0.900693150908057,8104,NJ,Camden,34007
Renaissance School,"N.W. Mauthe Co., Inc.",0.9008144021078035,54914,WI,Appleton,55087
JASPER H S,Hart Creosoting Company,0.9010934346749032,75951,TX,JASPER,48241
CARTHAGE SENIOR HIGH SCHOOL,Black River PCBs,0.901146816243459,13619,NY,CARTHAGE,36045
SAVA - Sacramento Academic and Vocational Academy - SCUSD,Sacramento Army Depot,0.9012734307128021,95820,CA,Sacramento,6067
Van Cleve Elementary School,West Troy Contaminated Aquifer,0.9013022998581021,45373,OH,Troy,39109
Bedford High,Naval Weapons Industrial Reserve Plant,0.9019411041648787,1730,MA,Bedford,25017
Hamilton High,Memphis Defense Depot (DLA),0.90241146783001,38106,TN,Memphis,47157
Lionheart Classical Academy Chartered Public School,South Municipal Water Supply Well,0.9024287578831582,3458,NH,Peterborough,33011
Vera Risdon Middle School,Quendall Terminals,0.9025592008455421,98056,WA,Newcastle,53033
NORTH KANSAS CITY HIGH,Armour Road,0.9027970915912543,64116,MO,KANSAS CITY,29047
Columbia MS Taylor Campus,UGI Columbia Gas Plant,0.9029519082919968,17512,PA,Columbia,42071
Another Course To College,Lower Neponset River,0.9035572666643148,2136,MA,Hyde Park,25025
Victory Elementary School,North 25th Street Glass and Zinc,0.9036221737430761,26301,WV,Clarksburg,54033
Mildred Magowan Elementary School,Cosden Chemical Coatings Corp.,0.9036516608910651,8010,NJ,EDGEWATER PARK,34005
KIPP: Cooper Norcross A New Jersey Nonprofit Corporation,"Martin Aaron, Inc.",0.9038260042848155,8103,NJ,Camden,34007
West Goshen Elementary School,North 5th Street Groundwater Contamination,0.9039023922793394,46526,IN,Goshen,18039
IRONDALE SENIOR HIGH,New Brighton/Arden Hills/TCAAP (USARMY),0.9042376511567248,55112,MN,NEW BRIGHTON,27123
DEASY SCHOOL,Li Tungsten Corp.,0.9043405621016581,11542,NY,GLEN COVE,36059
Franklin Elementary School,Riverside Industrial Park,0.9043515495322747,7032,NJ,KEARNY,34017
General Wayne El Sch,Paoli Rail Yard,0.9046667077578532,19355,PA,Malvern,42029
Akili Academy of New Orleans,Agriculture Street Landfill,0.9048239967435634,70122,LA,New Orleans,22071
Billings Multilingual Academy,Billings PCE,0.9048837737868264,59101,MT,Billings,30111
Billings Early College School,Billings PCE,0.9048837737868264,59101,MT,Billings,30111
Billings Opportunity School,Billings PCE,0.9048837737868264,59101,MT,Billings,30111
Copeland Middle School,Rockaway Borough Well Field,0.9058069879994879,7866,NJ,ROCKAWAY,34027
Wayne County Technology Center,Mallory Capacitor Co.,0.906147648441212,38485,TN,Waynesboro,47181
Edgewood Elementary Academy,Peerless Plating Co.,0.906169918590102,49444,MI,MUSKEGON,26121
Whitney E. Houston Academy,U.S. Radium Corp.,0.9061868191311424,7017,NJ,EAST ORANGE,34013
Grandview Elementary School,Caldwell Trucking Co.,0.906911832889215,7006,NJ,N CALDWELL,34013
Madison Preparatory Academy,Capitol Lakes,0.9069228163286677,70802,LA,Baton Rouge,22033
United Technical Center,North 25th Street Glass and Zinc,0.90752143195189,26301,WV,Clarksburg,54033
Madison Student Support Center,NL Industries/Taracorp Lead Smelter,0.9075262338244534,62060,IL,Madison,17119
Lumberton Middle School,Landfill & Development Co.,0.9076111999389946,8048,NJ,LUMBERTON,34005
West High,"N.W. Mauthe Co., Inc.",0.9077100064752524,54914,WI,Appleton,55087
Haverford SHS,Havertown PCP,0.9079768893943038,19083,PA,Havertown,42045
Sterling Montessori Academy,"Koppers Co., Inc. (Morrisville Plant)",0.9081733057908892,27560,NC,Morrisville,37183
URBAN ASSEMBLY INSTITUTE OF MATH AND SCIENCE FOR YOUNG WOMEN,Gowanus Canal,0.9086472932416285,11201,NY,BROOKLYN,36047
URBAN ASSEMBLY SCHOOL FOR LAW AND JUSTICE (THE),Gowanus Canal,0.9086472932416285,11201,NY,BROOKLYN,36047
BOOKER T. WASHINGTON,Griggs & Walnut Ground Water Plume,0.9096508397403998,88001,NM,LAS CRUCES,35013
Robert C. Fisler Elementary,McColl,0.9106811898297053,92833,CA,Fullerton,6059
LINCOLN ELEMENTARY SCHOOL,Hastings Ground Water Contamination,0.9107647987248095,68901,NE,HASTINGS,31001
Jackson River Governor's School,Kim-Stan Landfill,0.9108969310117114,24422,VA,Clifton Forge,51005
Bryson Avenue Elementary,Southern Avenue Industrial Area,0.9113188074107826,90280,CA,South Gate,6037
McKinley School,Billings PCE,0.9123030381073811,59101,MT,Billings,30111
Red Bank Elementary School,"Matteo & Sons, Inc.",0.9124701668232064,8086,NJ,WEST DEPTFORD,34015
Wilson Avenue School,Pierson's Creek,0.9127100499294155,7108,NJ,NEWARK,34013
Heights High,57th and North Broadway Streets Site,0.9127402511041051,67219,KS,Wichita,20173
ACADEMY CHARTER SCHOOL-UNIONDALE,Old Roosevelt Field Contaminated Ground Water Area,0.9128508169702931,11553,NY,UNIONDALE,36059
Ben Eielson Jr/Sr High School,Eielson Air Force Base,0.9132198854455205,99702,AK,Eielson AFB,2090
Owen Valley Community High School,Franklin Street Groundwater Contamination,0.9133292439202314,47460,IN,Spencer,18119
TEAM Academy Charter School,White Chemical Corp.,0.9138218073269696,7102,NJ,NEWARK,34013
HAMLINE ELEMENTARY SCHOOL,Koppers Coke,0.9138301166558834,55104,MN,SAINT PAUL,27123
Savoy ES,Washington Navy Yard,0.9141203852643164,20020,DC,Washington,11001
FALKENBURG ROAD JAIL,Reeves Southeastern Galvanizing Corp.,0.9146104945419605,33619,FL,TAMPA,12057
Elkton High,Dwyer Property Ground Water Plume,0.9148099142638231,21921,MD,Elkton,24015
IS 93 RIDGEWOOD,Wolff-Alport Chemical Company,0.914835489760305,11385,NY,RIDGEWOOD,36081
Maywood Elementary,Pemaco Maywood,0.9149290420969801,90270,CA,Maywood,6037
JAMES S EVANS ELEMENTARY SCHOOL,Wappinger Creek,0.9150251396694754,12590,NY,WAPPINGERS FALLS,36027
ANNA MERRITT ELEMENTARY SCHOOL,Eighteenmile Creek,0.9151553689022892,14094,NY,LOCKPORT,36063
Hunter Huss High,Davis Park Road TCE,0.9153096009934214,28052,NC,Gastonia,37071
Cape May County Technical High School,Williams Property,0.9156828540026729,8210,NJ,CAPE MAY COURT HOUSE,34009
Godwin Heights Middle School,Chem Central,0.9160126164393618,49548,MI,GRAND RAPIDS,26081
Peter G Schmidt Elementary,Palermo Well Field Ground Water Contamination,0.9161046427182904,98501,WA,Tumwater,53067
MOUNDS VIEW SENIOR HIGH,MacGillis & Gibbs/Bell Lumber & Pole Co.,0.9162021584554408,55112,MN,ARDEN HILLS,27123
Selkirk Middle School,Greenacres Landfill,0.9162748663679301,99016,WA,Liberty Lake,53063
James Mastricola Upper Elementary School,New Hampshire Plating Co.,0.9168373617070735,3054,NH,Merrimack,33011
Dry Hollow Elementary School,Union Pacific Railroad Co. Tie-Treating Plant,0.9169375178246186,97058,OR,The Dalles,41065
California Avenue Elementary,Riverbank Army Ammunition Plant,0.9172494675903868,95367,CA,Riverbank,6099
Charles Street School,Swope Oil & Chemical Co.,0.9173214232939452,8065,NJ,PALMYRA,34005
Bonneville School,700 South 1600 East PCE Plume,0.9173981356797167,84108,UT,SALT LAKE CITY,49035
Benjamin Franklin Elementary Sch,Federated Metals Corp Whiting,0.9175695857968685,46394,IN,Whiting,18089
Thomas W. Wallace Jr. Middle School,"Vineland Chemical Co., Inc.",0.9177242289866187,8360,NJ,VINELAND,34011
Eastwood Elementary School,Lane Street Ground Water Contamination,0.9177497101370697,46514,IN,Elkhart,18039
Hatboro-Horsham SHS,Willow Grove Naval Air and Air Reserve Station,0.9179144589701224,19044,PA,Horsham,42091
ORDOT CHALAN PAGO ELEMENTARY SCHOOL,Ordot Landfill,0.9180205316307831,96910,GU,ORDOT,66010
Hillandale Elementary,General Electric Co/Shepherd Farm,0.918256333209548,28726,NC,East Flat Rock,37089
West Seattle High School,Pacific Sound Resources,0.9182657182766941,98116,WA,SEATTLE,53033
Dr. Edward Fitzgerald Elementary,"Rockets, Fireworks, and Flares (RFF)",0.9187836354026561,92377,CA,Rialto,6071
HARMONY SCHOOL OF FINE ARTS AND TECHNOLOGY-HOUSTON,Sol Lynn/Industrial Transformers,0.9188843771679311,77054,TX,HOUSTON,48201
Millsboro Middle School,NCR Corp. (Millsboro Plant),0.9190130463460608,19966,DE,Millsboro,10005
Adult Transition Services,Shiawassee River,0.9190560110202877,48843,MI,HOWELL,26093
DODGE ELEMENTARY SCHOOL,Cleburn Street Well,0.9200895886047814,68801,NE,GRAND ISLAND,31079
Waverley Elementary,Fort Detrick Area B Ground Water,0.9201275994312076,21702,MD,Frederick,24021
School #3,Quanta Resources,0.9203748805912182,7010,NJ,CLIFFSIDE PARK,34003
NORTHSIDE ELEMENTARY SCHOOL,Liberty Industrial Finishing,0.9204916610723276,11735,NY,FARMINGDALE,36059
Church Creek Elementary,Bush Valley Landfill,0.9205123736577512,21017,MD,Belcamp,24025
GULFSTREAM ACADEMY OF HALLANDALE BEACH,Petroleum Products Corp.,0.9211395310205609,33009,FL,HALLANDALE BEACH,12011
Vernon Center Middle School,Precision Plating Corp.,0.9213106470662067,6066,CT,Vernon,9110
Moccasin Elementary School,Electrovoice,0.9217213013361005,49107,MI,BUCHANAN,26021
Arrow Academy of Excellence,Former Custom Cleaners,0.9227759062156179,38111,TN,Memphis,47157
Stratford High School,"Raymark Industries, Inc.",0.9228768315092798,6615,CT,Stratford,9120
Lincoln International Studies School,"Auto Ion Chemicals, Inc.",0.9228993642043885,49007,MI,KALAMAZOO,26077
Bronson JrSr High School,North Bronson Industrial Area,0.9232473478259206,49028,MI,BRONSON,26023
Adrian Wilcox High,National Semiconductor Corp.,0.9234105506967722,95051,CA,Santa Clara,6085
Bishop Elementary,"Advanced Micro Devices, Inc.",0.9234811095816856,94085,CA,Sunnyvale,6085
Roosevelt Elementary School,Woodbrook Road Dump,0.9235665411998368,7080,NJ,SOUTH PLAINFIELD,34023
Francis T. Evans Elementary,Andrews Air Force Base,0.9237197987670084,20735,MD,Clinton,24033
Mancelona Elementary School,Tar Lake,0.9247005557803791,49659,MI,MANCELONA,26009
Samsel Upper Elementary School,Global Sanitary Landfill,0.9249095699024066,8859,NJ,PARLIN,34023
Yavapai Elementary School,Indian Bend Wash Area,0.9249778986939993,85257,AZ,SCOTTSDALE,4013
Bobby's Run Elementary School,Landfill & Development Co.,0.9250384414675089,8048,NJ,LUMBERTON,34005
Marlboro Memorial Middle School,"Imperial Oil Co., Inc./Champion Chemicals",0.9252379501187482,7751,NJ,MORGANVILLE,34025
Sheridan Road,"Motor Wheel, Inc.",0.9253818644511829,48906,MI,LANSING,26037
Fairwood Elementary School,Chem-Dyne,0.9255923471966686,45011,OH,Hamilton,39017
J. Garfield Jackson Sr. Academy,Orange Valley Regional Ground Water Contamination,0.9257846271391205,7017,NJ,EAST ORANGE,34013
Carmack,Newmark Ground Water Contamination,0.9262069467765943,92407,CA,San Bernardino,6071
Cincinnati Classical Academy,"Pristine, Inc.",0.9264375832547861,45215,OH,Cincinnati,39061
Grant Elementary,Sheboygan Harbor & River,0.9270815431565291,53081,WI,Sheboygan,55117
Simmons El Sch,Willow Grove Naval Air and Air Reserve Station,0.9272563122056569,19044,PA,Horsham,42091
Trinity Day Academy,New Bedford Site,0.928045658144192,2740,MA,New Bedford,25005
James Avant Elementary School,Old American Zinc Plant,0.9281269448680551,62204,IL,Washington Pk,17163
Columbus School,"Curcio Scrap Metal, Inc.",0.9281340754394953,7644,NJ,LODI,34003
PS 39 HENRY BRISTOW,Gowanus Canal,0.9283415809058851,11215,NY,BROOKLYN,36047
Malaga Elementary,"Purity Oil Sales, Inc.",0.9285462498334944,93725,CA,Fresno,6019
Winslow Township Elementary School Five,Lightman Drum Company,0.929595005889419,8009,NJ,BERLIN,34007
Doyline High School,Louisiana Army Ammunition Plant,0.9298298380883627,71023,LA,Doyline,22119
Eleanor Rush Intermediate School,Cinnaminson Township (Block 702) Ground Water Contamination,0.9299231526859563,8077,NJ,CINNAMINSON,34005
A-TECH HIGH SCHOOL,Meeker Avenue Plume,0.9309883755462954,11222,NY,BROOKLYN,36047
Herbert Hoover High,San Fernando Valley (Area 2),0.9310022033105674,91202,CA,Glendale,6037
West Rocks Middle School,Kellogg-Deering Well Field,0.9313971409521719,6851,CT,Norwalk,9190
Stevenson Elementary,"CTS Printex, Inc.",0.9314039484064293,94043,CA,Mountain View,6085
Graceland Park/O'Donnell Heights Elementary/Middle,Kane & Lombard Street Drums,0.9316994758007705,21224,MD,Baltimore,24510
STRIVE Academy,Selma Treating Co.,0.9319060057515489,93662,CA,Selma,6019
New Bedford High,Sullivan's Ledge,0.9319934468460107,2740,MA,New Bedford,25005
HAUPPAUGE MIDDLE SCHOOL,Islip Municipal Sanitary Landfill,0.9326205294334402,11788,NY,HAUPPAUGE,36103
duPont (H.B.) Middle School,Hockessin Groundwater,0.933217648707891,19707,DE,Hockessin,10003
PS 81 JEAN PAUL RICHTER,Wolff-Alport Chemical Company,0.9333037107751725,11385,NY,GLENDALE,36081
GATES ELEMENTARY SCHOOL,Parkview Well,0.9336768433079192,68803,NE,GRAND ISLAND,31079
San Miguel Elementary,Monolithic Memories,0.933943922783816,94085,CA,Sunnyvale,6085
West Hills S.T.E.M. Academy,Puget Sound Naval Shipyard Complex,0.93448133056563,98312,WA,Bremerton,53035
Valley Elementary School,Lammers Barrel,0.9346103075187738,45434,OH,Beavercreek,39057
Elizabeth Learning Center,Jervis B. Webb Co.,0.9354024664754759,90201,CA,Cudahy,6037
COOK MIDDLE,Jones Road Ground Water Plume,0.935438368758296,77064,TX,HOUSTON,48201
Bryson Avenue Elementary,Jervis B. Webb Co.,0.935515313470781,90280,CA,South Gate,6037
Believe Memphis Academy Charter School,Memphis Defense Depot (DLA),0.9358457659011746,38106,TN,Memphis,47157
WESTWOOD ELEMENTARY,Waite Park Wells,0.9362280853271648,56303,MN,SAINT CLOUD,27145
Washington Elementary School,Centralia Municipal Landfill,0.9364987871557646,98531,WA,Centralia,53041
East Park Elementary School,Sharon Steel Corp (Fairmont Coke Works),0.9371567354677538,26554,WV,Fairmont,54049
LOOSCAN EL,North Cavalcade Street,0.937326386991462,77009,TX,HOUSTON,48201
STEPHENSEN ELEMENTARY SCHOOL,Mountain Home Air Force Base,0.9376893303328525,83648,ID,MOUNTAIN HOME AFB,16039
Marshall Middle School,Iron Horse Park,0.9377991095146545,1821,MA,Billerica,25017
Hook Elementary School,West Troy Contaminated Aquifer,0.9378630216667325,45373,OH,Troy,39109
Middlesex High School,Middlesex Sampling Plant (USDOE),0.9382808535825587,8846,NJ,MIDDLESEX,34023
Parkview School,Portland Cement (Kiln Dust 2 & 3),0.9383235666809792,84104,UT,SALT LAKE CITY,49035
Valentine Hills Elementary,MacGillis & Gibbs/Bell Lumber & Pole Co.,0.9383865242921293,55112,MN,ARDEN HILLS,27123
Coronado Elementary,United Heckathorn Co.,0.9384835395517718,94804,CA,Richmond,6013
SUCCESS ACADEMY CHARTER SCHOOL-BUSHWICK,Wolff-Alport Chemical Company,0.9385391806792964,11221,NY,BROOKLYN,36047
Project Before at Selover School,Raritan Bay Slag,0.9386973488103696,8879,NJ,South Amboy,34023
Wilmer Amina Carter High,"Rockets, Fireworks, and Flares (RFF)",0.9387905180561461,92377,CA,Rialto,6071
HICKSVILLE MIDDLE SCHOOL,Hooker Chemical & Plastics Corp./Ruco Polymer Corp.,0.9390035132309875,11801,NY,HICKSVILLE,36059
ESCAMBIA JUVENILE DETENTION,Escambia Wood - Pensacola,0.9391543372355107,32501,FL,PENSACOLA,12033
Grand Ledge High School,"Parsons Chemical Works, Inc.",0.9392896209907561,48837,MI,GRAND LEDGE,26045
CLOUGH PREK CENTER,Griffiss Air Force Base,0.9398698354741604,13440,NY,ROME,36065
Molly Stark School,"Jard Company, Inc.",0.9405205371053426,5201,VT,Bennington,50003
Renton Technical College,Pacific Car & Foundry Co.,0.940999642437627,98056,WA,Renton,53033
Pioneer School,Ogden Defense Depot (DLA),0.9435809288871264,84404,UT,OGDEN,49057
JESSE J. MCCRARY JR. ELEMENTARY SCHOOL,Continental Cleaners,0.9435940591639254,33150,FL,MIAMI,12086
FRANKLYN S BARRY PRIMARY SCHOOL,Rosen Brothers Scrap Yard/Dump,0.9436445049991268,13045,NY,CORTLAND,36023
Wilbur (Kathleen H.) Elementary,Delaware City PVC Plant,0.9439290937883587,19701,DE,Bear,10003
Thurgood Marshall Academy PCS,Washington Navy Yard,0.9439911272319578,20020,DC,Washington,11001
Bryson Middle,"Para-Chem Southern, Inc.",0.9445869764019222,29681,SC,Simpsonville,45045
Boulevard Elementary School,Continental Steel Corp.,0.94459457390162,46902,IN,Kokomo,18067
Navarre Middle School,Beck's Lake,0.9446887606548697,46619,IN,South Bend,18141
Ursa Major Elementary,Fort Richardson (USARMY),0.9450949041928707,99505,AK,JBER,2020
Renton Technical High School,Pacific Car & Foundry Co.,0.9452315541435306,98056,WA,Renton,53033
Ella Baker High School (Open Doors),Pacific Car & Foundry Co.,0.9452315541435306,98056,WA,RENTON,53033
ANDERSON EL,United Creosoting Co.,0.9454949828032679,77301,TX,CONROE,48339
Charles W Morey,Silresim Chemical Corp.,0.9454989462877506,1851,MA,Lowell,25017
Elkton Middle,Dwyer Property Ground Water Plume,0.9460292114235436,21921,MD,Elkton,24015
Pinedale Elementary,Industrial Waste Processing,0.9461491311872567,93650,CA,Pinedale,6019
BIRTH TO TWO ECSE,New Brighton/Arden Hills/TCAAP (USARMY),0.946185385478569,55112,MN,NEW BRIGHTON,27123
ECSE PROGRAM,New Brighton/Arden Hills/TCAAP (USARMY),0.946185385478569,55112,MN,NEW BRIGHTON,27123
Speech Program - Sp Ed Program,New Brighton/Arden Hills/TCAAP (USARMY),0.946185385478569,55112,MN,NEW BRIGHTON,27123
Woodrow Wilson School,Wasatch Chemical Co. (Lot 6),0.9464759045830975,84115,UT,SALT LAKE CITY,49035
ALTINENCIA VALLE,"Scorpio Recycling, Inc.",0.9466937079463178,951,PR,TOA BAJA,72137
Schilling Farms Elementary School,Carrier Air Conditioning Co.,0.946701555315005,38017,TN,Collierville,47157
Timberlane Regional High School,Beede Waste Oil,0.9467780483823601,3865,NH,Plaistow,33015
Adams Elementary,Janesville Old Landfill,0.9473214541932504,53545,WI,Janesville,55105
CYBERARTS STUDIO ACADEMY,Gowanus Canal,0.9474215739132503,11215,NY,BROOKLYN,36047
PARK SLOPE COLLEGIATE,Gowanus Canal,0.9474215739132503,11215,NY,BROOKLYN,36047
MILLENNIUM BROOKLYN HIGH SCHOOL,Gowanus Canal,0.9474215739132503,11215,NY,BROOKLYN,36047
JOHN JAY SCHOOL FOR LAW,Gowanus Canal,0.9474215739132503,11215,NY,BROOKLYN,36047
Cradock Middle,"Atlantic Wood Industries, Inc.",0.947502291878959,23702,VA,Portsmouth,51740
PS 250 GEORGE H LINDSAY,Newtown Creek,0.9476304464196986,11206,NY,BROOKLYN,36047
La Merced Intermediate,"Operating Industries, Inc., Landfill",0.948115409919181,90640,CA,Montebello,6037
Early Childhood School - North,Riverside Industrial Park,0.9485063775550429,7104,NJ,Newark,34013
CITY POLYTECHNIC HIGH SCHOOL,Gowanus Canal,0.9486128324535685,11201,NY,BROOKLYN,36047
BRIDGES:  A SCHOOL FOR EXPLORATION AND EQUITY,Gowanus Canal,0.9486128324535685,11201,NY,BROOKLYN,36047
GEORGE WESTINGHOUSE CAREER AND TECHNICAL ED HIGH SCHOOL,Gowanus Canal,0.9486128324535685,11201,NY,BROOKLYN,36047
PS 145 ANDREW JACKSON,Newtown Creek,0.9488698627155092,11206,NY,BROOKLYN,36047
Franklin Elementary School,Cliff Drive Groundwater Contamination,0.949274855038048,46947,IN,Logansport,18017
Bountiful High,Five Points PCE Plume,0.9493065878642646,84010,UT,BOUNTIFUL,49011
Muhlenberg Jr HS,Former Exide Technologies Laureldale ,0.9504997091639136,19605,PA,Reading,42011
John M Schultz Educational Campus,J & L Landfill,0.9511797464098238,48307,MI,ROCHESTER HILLS,26125
Rochester Community Schools Virtual Campus,J & L Landfill,0.9511797464098238,48307,MI,ROCHESTER HLS,26125
Linden El Sch,Chem-Fab,0.9516329351079836,18901,PA,Doylestown,42017
KIPP Bridge Academy,AMCO Chemical,0.9517030265280914,94607,CA,Oakland,6001
West Hazleton El/MS,Valmont TCE,0.9527139916183728,18202,PA,West Hazleton,42079
PS 31 SAMUEL F DUPONT,Meeker Avenue Plume,0.9527756406707404,11222,NY,BROOKLYN,36047
Summit Public School: Denali,"TRW Microwave, Inc. (Building 825)",0.9531123153846917,94089,CA,Sunnyvale,6085
RED HOOK NEIGHBORHOOD SCHOOL,Gowanus Canal,0.9531902453533562,11231,NY,BROOKLYN,36047
SUMMIT ACADEMY CHARTER SCHOOL,Gowanus Canal,0.9531902453533562,11231,NY,BROOKLYN,36047
Washington Elementary,Lorentz Barrel & Drum Co.,0.9535174293900546,95110,CA,San Jose,6085
PS 753 SCHOOL FOR CAREER DEVELOPMENT,Gowanus Canal,0.9536847038331809,11238,NY,BROOKLYN,36047
CENTER STREET SCHOOL,Kentucky Avenue Well Field,0.9538198909498604,14845,NY,HORSEHEADS,36015
Adrian Wilcox High,Applied Materials,0.9538374190902655,95051,CA,Santa Clara,6085
Nicolas Junior High,Orange County North Basin,0.9543205819417899,92833,CA,Fullerton,6059
Garvey/Allen Visual & Performing Arts Academy for STEM,March Air Force Base,0.9545965386648095,92553,CA,Moreno Valley,6065
Wahlstrom Early Childhood Academy,Orange Valley Regional Ground Water Contamination,0.9546395169338252,7017,NJ,EAST ORANGE,34013
Dwight D. Eisenhower Elementary School,Global Sanitary Landfill,0.9546520720785118,8859,NJ,PARLIN,34023
Verona Elementary School,Verona Well Field,0.9546602394585622,49017,MI,BATTLE CREEK,26025
Edison School,Portland Cement (Kiln Dust 2 & 3),0.9551075721803902,84104,UT,SALT LAKE CITY,49035
Harrison High School,Diamond Alkali Co.,0.9559042931818762,7029,NJ,HARRISON,34017
Newbury Elementary School,Zschiegner Refining,0.9560910911767357,7731,NJ,HOWELL,34025
EMMOTT EL,Jones Road Ground Water Plume,0.9562035507384982,77065,TX,HOUSTON,48201
Camden Virtua,Welsbach & General Gas Mantle (Camden Radiation),0.9563534370990086,8104,NJ,CAMDEN,34007
Freedom Prep Charter School,Welsbach & General Gas Mantle (Camden Radiation),0.9563534370990086,8104,NJ,CAMDEN,34007
Glendale Middle,Portland Cement (Kiln Dust 2 & 3),0.9564406999901439,84104,UT,SALT LAKE CITY,49035
Mountain View School,Portland Cement (Kiln Dust 2 & 3),0.9564406999901439,84104,UT,SALT LAKE CITY,49035
Charlestown Middle School,BFI Sanitary Landfill (Rockingham),0.9564704776128232,3603,NH,Charlestown,33019
Gauger-Cobbs Middle School,Newark South Ground Water Plume,0.956632120439422,19713,DE,Newark,10003
Washington School,Universal Oil Products (Chemical Division),0.9571531256853018,7070,NJ,RUTHERFORD,34003
Hillsboro Jr High School,Eagle Zinc Co Div T L Diamond,0.9575637802851734,62049,IL,Hillsboro,17135
Bernal Intermediate,Fairchild Semiconductor Corp. (South San Jose Plant),0.9582581956371008,95119,CA,San Jose,6085
JACKSONVILLE HIGH SCHOOL,"Vertac, Inc.",0.9582632782943145,72076,AR,JACKSONVILLE,5119
Miami School,Chem-Dyne,0.9583078280915558,45013,OH,Hamilton,39017
SADDLE ROCK SCHOOL,Stanton Cleaners Area Ground Water Contamination,0.9583098360773732,11023,NY,GREAT NECK,36059
Folsom Cordova K-8 Community Charter,Mather Air Force Base,0.95855008956877,95655,CA,Mather,6067
CARTHAGE MIDDLE SCHOOL,Black River PCBs,0.9585740324323421,13619,NY,CARTHAGE,36045
PROGRESS HIGH SCHOOL FOR PROFESSIONAL CAREERS,Meeker Avenue Plume,0.9585838010017105,11211,NY,BROOKLYN,36047
EAST WILLIAMSBURG SCHOLARS ACADEMY,Meeker Avenue Plume,0.9585838010017105,11211,NY,BROOKLYN,36047
HIGH SCHOOL FOR ENTERPRISE BUSINESS & TECHNOLOGY (THE),Meeker Avenue Plume,0.9585838010017105,11211,NY,BROOKLYN,36047
MS 113 RONALD EDMONDS LEARNING CENTER,Gowanus Canal,0.9587645313836491,11205,NY,BROOKLYN,36047
COMPASS CHARTER SCHOOL,Gowanus Canal,0.9587645313836491,11205,NY,BROOKLYN,36047
Ryan Elementary School,North Bronson Industrial Area,0.9587732229707522,49028,MI,BRONSON,26023
Cadillac Senior High School,Northernaire Plating,0.9590807146335226,49601,MI,CADILLAC,26165
Conrad Weiser West El Sch,Ryeland Road Arsenic,0.9593099735351016,19567,PA,Womelsdorf,42011
PAVE ACADEMY CHARTER SCHOOL,Gowanus Canal,0.9598163253913063,11231,NY,BROOKLYN,36047
Libby Middle School,Libby Asbestos,0.9599022305395175,59923,MT,Libby,30053
Libby High School,Libby Asbestos,0.9599022305395175,59923,MT,Libby,30053
Whittier School,Wasatch Chemical Co. (Lot 6),0.9599691398156842,84115,UT,SALT LAKE CITY,49035
Coolidge Elementary,San Gabriel Valley (Area 3),0.9600104406809765,91775,CA,San Gabriel,6037
Alice M Barrows,Industri-Plex,0.9604984969106455,1867,MA,Reading,25017
Maple Elementary,Orange County North Basin,0.9605085164531666,92832,CA,Fullerton,6059
Macon-Hall Elementary,National Fireworks,0.961326060823422,38016,TN,Cordova,47157
Marian A. Peterson Middle,Intersil Inc./Siemens Components,0.9619514283420989,94087,CA,Sunnyvale,6085
Excel Center - Hammond,Ninth Avenue Dump,0.962253826109705,46323,IN,Hammond,18089
Richmond Charter Elementary-Benito Juarez,United Heckathorn Co.,0.962311495797892,94804,CA,Richmond,6013
Richmond Charter Academy,United Heckathorn Co.,0.962311495797892,94804,CA,Richmond,6013
ROBERT M FINLEY MIDDLE SCHOOL,Li Tungsten Corp.,0.9626776966116588,11542,NY,GLEN COVE,36059
Sheridan School,Petoskey Municipal Well Field,0.9627143545949326,49770,MI,PETOSKEY,26047
Odenton Elementary,Fort George G. Meade,0.962734529037597,21113,MD,Odenton,24003
Chester Charter Scholars Academy CS,Metro Container Corporation,0.9627480703853611,19013,PA,Chester,42045
BROOKLYN ENVIRONMENTAL EXPLORATION SCHOOL (BEES),Wolff-Alport Chemical Company,0.962942199806088,11233,NY,BROOKLYN,36047
BROOKLYN LANDMARK ELEMENTARY SCHOOL,Wolff-Alport Chemical Company,0.962942199806088,11233,NY,BROOKLYN,36047
Boulton School,Five Points PCE Plume,0.96370991736997,84010,UT,BOUNTIFUL,49011
JHS 383 PHILIPPA SCHUYLER,Wolff-Alport Chemical Company,0.9638035832839393,11237,NY,BROOKLYN,36047
ACHIEVEMENT FIRST-BUSHWICK CHARTER SCHOOL,Wolff-Alport Chemical Company,0.9638035832839393,11237,NY,BROOKLYN,36047
Birchwood Elementary School,Dover Municipal Well 4,0.964294965272324,7801,NJ,DOVER,34027
Cradock Technical & Career Center,Peck Iron and Metal,0.9646449387551863,23702,VA,Portsmouth,51740
Spring Creek El Sch,Centre County Kepone,0.9649782882005324,16801,PA,State College,42027
GREAT HEARTS LIVE OAK,"Eldorado Chemical Co., Inc.",0.9653226672498285,78233,TX,LIVE OAK,48029
WILLIAM DANDY MIDDLE SCHOOL,Wingate Road Municipal Incinerator Dump,0.9656547565856853,33311,FL,FORT LAUDERDALE,12011
Collierville Middle School,"Walker Machine Products, Inc.",0.9659087310812681,38017,TN,Collierville,47157
Hononegah CHD High School,Beloit Corp.,0.9663987177791078,61072,IL,Rockton,17201
Lockland Elementary School,"Pristine, Inc.",0.9666915405682263,45215,OH,Lockland,39061
Lockland Junior Senior High School,"Pristine, Inc.",0.9666915405682263,45215,OH,Lockland,39061
Lockland Middle School,"Pristine, Inc.",0.9666915405682263,45215,OH,Lockland,39061
ROSS EL,Northwest Odessa Groundwater,0.9667472490162349,79762,TX,ODESSA,48135
Central High School,Colorado Smelter,0.9671208916878027,81004,CO,PUEBLO,8101
Marcus Hook El Sch,Metro Container Corporation,0.9672000571692269,19061,PA,Marcus Hook,42045
Creekside Middle School,Woodstock Municipal Landfill,0.9675368503445936,60098,IL,Woodstock,17111
Prairiewood Elem Sch,Woodstock Municipal Landfill,0.9675368503445936,60098,IL,Woodstock,17111
Johnson,"Natick Laboratory Army Research, Development, and Engineering Center",0.9675609296289762,1760,MA,Natick,25017
Camino Grove Elementary,San Gabriel Valley (Area 1),0.9678417216991777,91007,CA,Arcadia,6037
Valley Road School,Mansfield Trail Dump,0.9678638666886653,7874,NJ,STANHOPE,34037
TRANSITION PLUS,Highway 100 and County Road 3 Groundwater Plume,0.9683484896721883,55426,MN,SAINT LOUIS PARK,27053
T-Plus Program,Highway 100 and County Road 3 Groundwater Plume,0.9683484896721883,55426,MN,SAINT LOUIS PARK,27053
NORTHSIDE CHARTER HIGH SCHOOL,Newtown Creek,0.9686621070136385,11222,NY,BROOKLYN,36047
JOHN ERICSSON MIDDLE SCHOOL 126,Newtown Creek,0.9686621070136385,11222,NY,BROOKLYN,36047
Madison Academic Magnet High School,"American Creosote Works, Inc. (Jackson Plant)",0.9692175849671278,38301,TN,Jackson,47113
John Ruhrah Elementary/Middle,Kane & Lombard Street Drums,0.9697056065143675,21224,MD,Baltimore,24510
Pinewood Elementary School,Lane Street Ground Water Contamination,0.9697089599084953,46514,IN,Elkhart,18039
AARON MOSSELL JUNIOR HIGH SCHOOL,Eighteenmile Creek,0.9705489582920218,14094,NY,LOCKPORT,36063
Nibley Park School,Wasatch Chemical Co. (Lot 6),0.970788741362845,84106,UT,SALT LAKE CITY,49035
Edith Landels Elementary,Intel Corp. (Mountain View Plant),0.9712611888125929,94041,CA,Mountain View,6085
Wilson Middle,"Natick Laboratory Army Research, Development, and Engineering Center",0.9713208832888531,1760,MA,Natick,25017
James John Elementary School,McCormick & Baxter Creosoting Co. (Portland Plant),0.9713213777416455,97203,OR,Portland,41051
East Orange Campus High School,Orange Valley Regional Ground Water Contamination,0.9716113435797377,7017,NJ,EAST ORANGE,34013
Lincoln Central Elem.,"Peterson/Puritan, Inc.",0.9725334097732077,2865,RI,Lincoln,44007
Loyd E Auman Elementary,Cape Fear Wood Preserving,0.9725463222713362,28304,NC,Fayetteville,37051
Miamisburg Online School,Mound Plant (USDOE),0.9726289768472482,45342,OH,Miamisburg,39113
Learning Community Charter School,PJP Landfill,0.9732980855436768,7304,NJ,JERSEY CITY,34017
COLUMBUS RESIDENTIAL JUVENILE FACILITY,MRI Corp (Tampa),0.9733631024528124,33619,FL,TAMPA,12057
Washington School,Billings PCE,0.9734029392112397,59102,MT,Billings,30111
Los Padrinos Juvenile Hall,Southern Avenue Industrial Area,0.9734722652548126,90242,CA,Downey,6037
HIGINIO FIGUEROA VILLEGAS,Maunabo Area Ground Water Contamination,0.9742283907046366,707,PR,MAUNABO,72095
Dover High School,Dayco Corp./L.E. Carpenter Co.,0.9745176021499504,7801,NJ,DOVER,34027
Radburn Elementary School,Fair Lawn Well Field,0.9750389898963399,7410,NJ,FAIR LAWN,34003
Post Oak School,"Motor Wheel, Inc.",0.9754075121089137,48912,MI,LANSING,26065
Hillcrest Elementary School,H.O.D. Landfill,0.9762089479824447,60002,IL,Antioch,17097
Mission Early College High,Applied Materials,0.9764140677715034,95054,CA,Santa Clara,6085
SOUTH BROWARD MONTESSORI CHARTER SCHOOL,Petroleum Products Corp.,0.9766276903277611,33009,FL,HALLANDALE BEACH,12011
Roosevelt Education Center,Waite Park Wells,0.976763430755738,56303,MN,SAINT CLOUD,27145
Cedarburg High,Amcast Industrial Corporation,0.976886915777473,53012,WI,Cedarburg,55089
Manasquan Elementary School,White Swan Cleaners/Sun Cleaners Area Ground Water Contamination,0.9768989621128981,8736,NJ,Manasquan,34025
Edward T. Bowser Sr. School of Excellence,Orange Valley Regional Ground Water Contamination,0.9774042964750101,7017,NJ,EAST ORANGE,34013
Cedar Tree Academy PCS,Washington Navy Yard,0.9775950302110143,20020,DC,Washington,11001
PS 9,Newtown Creek,0.9781457105435377,11378,NY,MASPETH,36081
Wayne County High School,Mallory Capacitor Co.,0.9787839507990536,38485,TN,Waynesboro,47181
Washington Lands Elementary School,Hanlin-Allied-Olin,0.97916049436715,26041,WV,Moundsville,54051
Indy Steam Academy,Keystone Corridor Ground Water Contamination,0.9796243130170608,46226,IN,Indianapolis,18097
TINKER ES,Tinker Air Force Base (Soldier Creek/Building 3001),0.9802153938752893,73135,OK,Oklahoma City,40109
Lincoln Jr High School,LaSalle Electric Utilities,0.980275891899313,61301,IL,La Salle,17099
KERMIT EL,Highway 18 Ground Water,0.9804116347477987,79745,TX,KERMIT,48495
Academy Of Dover Charter School,Dover Gas Light Co.,0.9807047824140732,19904,DE,Dover,10001
Riverdahl Elem School,Southeast Rockford Ground Water Contamination,0.981422090009881,61109,IL,Rockford,17201
LAKE ACADEMY SECURE,MRI Corp (Tampa),0.981730347113771,33619,FL,TAMPA,12057
LAKE ACADEMY,MRI Corp (Tampa),0.981730347113771,33619,FL,TAMPA,12057
Valley View School,Five Points PCE Plume,0.9817865193082286,84010,UT,BOUNTIFUL,49011
Lafayette Elementary School,Pacific Sound Resources,0.981793538473116,98116,WA,SEATTLE,53033
Park Avenue Elementary,Cooper Drum Company,0.9818745184840654,90201,CA,Cudahy,6037
Bishop Elementary,"Advanced Micro Devices, Inc. (Building 915)",0.9819873850026892,94085,CA,Sunnyvale,6085
Wescove Elementary,San Gabriel Valley (Area 2),0.9820178575462792,91791,CA,West Covina,6037
Kindergarten Academy,Navy Ships Parts Control Center,0.9821307647271085,17055,PA,Mechanicsburg,42041
David C Abbott Early Learning Center,Burnt Fly Bog,0.9822981659204177,7751,NJ,MORGANVILLE,34025
St Louis High School,Gratiot County Golf Course,0.9827248234011291,48880,MI,SAINT LOUIS,26057
Garfield Public Preschool Annex,Garfield Ground Water Contamination,0.9829453444749006,7026,NJ,GARFIELD,34003
GOLIAD EL,East 67th Street Ground Water Plume,0.9829885832540206,79762,TX,ODESSA,48135
Prickly Pear Elem,East Helena Site,0.9830116161609961,59635,MT,East Helena,30049
Manoa El Sch,Havertown PCP,0.9830876850529027,19083,PA,Havertown,42045
Hillcrest Elementary,"Operating Industries, Inc., Landfill",0.9834171911072954,91755,CA,Monterey Park,6037
RALPH REED SCHOOL,"MacKenzie Chemical Works, Inc.",0.983562131803426,11722,NY,CENTRAL ISLIP,36103
Robert Fulton Elementary School,Quanta Resources,0.9837531184116038,7047,NJ,NORTH BERGEN,34017
Oakwood Avenue Community School,Orange Valley Regional Ground Water Contamination,0.9838741321471615,7050,NJ,ORANGE,34013
Franklin Towne Charter Elementary School,Franklin Slag Pile (MDC),0.9841119332899603,19137,PA,Philadelphia,42101
East Dale Elementary School,Sharon Steel Corp (Fairmont Coke Works),0.9847677626491603,26554,WV,Fairmont,54049
Peshine Avenue School,White Chemical Corp.,0.9847783708883725,7112,NJ,NEWARK,34013
Lakewood Elementary,"TRW Microwave, Inc. (Building 825)",0.9850484913258201,94089,CA,Sunnyvale,6085
Public Safety Academy,Norton Air Force Base,0.9856219036717302,92408,CA,San Bernardino,6071
Lincoln Heights Elementary School,"Pristine, Inc.",0.9857775500123397,45215,OH,Cincinnati,39061
Hope Academy,Garfield Ground Water Contamination,0.9866400204903117,7055,NJ,PASSAIC,34031
Union Gap School,FMC Corp. (Yakima),0.9868605703005191,98903,WA,Union Gap,53077
Columbia Middle,"Advanced Micro Devices, Inc.",0.9869987977232482,94085,CA,Sunnyvale,6085
The Compass School,West Kingston Town Dump/URI Disposal Area,0.9872257287437066,2881,RI,Kingston,44009
Grafton Middle,Chisman Creek,0.9873353817272525,23692,VA,Yorktown,51199
Greenwood Elementary School,Ten-Mile Drain,0.9876056081071557,48081,MI,SAINT CLAIR SHORES,26099
Ridge Street School,Riverside Industrial Park,0.9878454830187534,7104,NJ,NEWARK,34013
Glen Flora Elem School,Yeoman Creek Landfill,0.9882021189004416,60085,IL,Waukegan,17097
Charlestown Primary School,BFI Sanitary Landfill (Rockingham),0.9885071748143136,3603,NH,Charlestown,33019
Cornell HS,"Breslube-Penn, Inc",0.9887444769032904,15108,PA,Coraopolis,42003
Cornell El Sch,"Breslube-Penn, Inc",0.9887444769032904,15108,PA,Coraopolis,42003
El Dorado Middle,Pester Refinery Co.,0.9892981092779168,67042,KS,El Dorado,20015
Grandview Elementary School,Middlesex Sampling Plant (USDOE),0.9894406048721371,8854,NJ,PISCATAWAY,34023
Broad Street Elementary School,"Hercules, Inc. (Gibbstown Plant)",0.9896352540624023,8027,NJ,GIBBSTOWN,34015
PIERSON MIDDLE/HIGH SCHOOL,Rowe Industries Ground Water Contamination,0.9897951404081077,11963,NY,SAG HARBOR,36103
Pathway School,Shiawassee River,0.9899198240222457,48843,MI,HOWELL,26093
Golden Isles Elementary School,Brunswick Wood Preserving,0.990139059274474,31525,GA,Brunswick,13127
Dr Martin Luther King Academy,Peerless Plating Co.,0.9905564029270875,49444,MI,MUSKEGON,26121
PS 86 IRVINGTON (THE),Wolff-Alport Chemical Company,0.9907424710160669,11237,NY,BROOKLYN,36047
Lathrop Elementary,Sharpe Army Depot,0.9911728362194833,95330,CA,Lathrop,6077
CSAL Elementary,Capitol Lakes,0.9913476736773063,70802,LA,Baton Rouge,22033
IS 340,Gowanus Canal,0.9913577245864654,11238,NY,BROOKLYN,36047
Howell High School,Shiawassee River,0.9918514108843927,48843,MI,HOWELL,26093
Harrison Park Academy,"H. Brown Co., Inc.",0.991888582701318,49504,MI,GRAND RAPIDS,26081
Harry S. Truman Elementary School,Horseshoe Road,0.9921511015031974,8859,NJ,PARLIN,34023
Yvonne Harmon,Newmark Ground Water Contamination,0.9921674986782721,92407,CA,San Bernardino,6071
Center for Lifelong Learning,Evor Phillips Leasing,0.9923035915942577,8859,NJ,PARLIN,34023
East Valley Middle School,East Helena Site,0.9923287468705436,59635,MT,East Helena,30049
Anderson Elementary,Eielson Air Force Base,0.992388426798117,99702,AK,Eielson AFB,2090
PS 124 SILAS B DUTCHER,Gowanus Canal,0.9926591533292937,11215,NY,BROOKLYN,36047
Park Avenue Elementary,Southern Avenue Industrial Area,0.9930067566645889,90201,CA,Cudahy,6037
NORTHEAST HIGH SCHOOL,Hollingsworth Solderless Terminal,0.9932859453558536,33334,FL,OAKLAND PARK,12011
Kendall Elementary,Newmark Ground Water Contamination,0.9933356708242961,92407,CA,San Bernardino,6071
Bayvale Elementary School,Alternate Energy Resources,0.993387011325608,30909,GA,Augusta,13245
Moody Elementary,Silresim Chemical Corp.,0.9945881863442819,1852,MA,Lowell,25017
Bear Mountain Elementary,"Brown & Bryant, Inc. (Arvin Plant)",0.994712037092018,93203,CA,Arvin,6029
DEASY SCHOOL,"Mattiace Petrochemical Co., Inc.",0.9951171790817521,11542,NY,GLEN COVE,36059
PS 75 MAYDA CORTIELLA,Wolff-Alport Chemical Company,0.9954615011854985,11221,NY,BROOKLYN,36047
W. A. METCALFE ELEMENTARY SCHOOL,Cabot/Koppers,0.9960581081396581,32609,FL,GAINESVILLE,12001
Early Ed HUB,Koppers Coke,0.9966131390371642,55104,MN,SAINT PAUL,27123
Early Learning Hub West,Koppers Coke,0.9966131390371642,55104,MN,SAINT PAUL,27123
Alexander Hamilton School,Fair Lawn Well Field,0.997076834297566,7452,NJ,GLEN ROCK,34003
GREEN PINES ELEM.,Ellisville Site,0.9974325828325934,63011,MO,WILDWOOD,29189
Cordova High School,National Fireworks,0.9986647187218286,38016,TN,Cordova,47157
Owen Valley Middle School,Franklin Street Groundwater Contamination,0.9988298296332022,47460,IN,Spencer,18119
SULLIVAN ELEM.,Oak Grove Village Well,0.9989467522677196,63080,MO,SULLIVAN,29071
West Side Middle School,Lusher Street Ground Water Contamination,0.9995509100644577,46514,IN,Elkhart,18039
